1.0,0.3144854510165756,-0.08399091509091061,-0.12765566519699803,-0.3256340010997303,-0.32210719794450804,-0.3519823945351616,-0.03302191060696299,-0.22403481425491195,-0.42606622967242513,0.15918508717555643,-0.20554771693939122,0.12482544150647121,-0.050436392338846454,0.2697708726095102,-0.33449217364450634,0.35386603278918916,0.07344739454502042,0.21743445897127803,0.026457785216002398,0.07074953068595893,0.1542276360624547,0.3424345912597982,0.2694038922231098,0.1330368797768478,0.15608176494041506,-0.18567965145523485,0.30205447496246257,0.1143604197644507,0.16276169660404427,0.16133871699328928,0.4973812615737014,0.10786032366821668,0.18036742152881807
-1.0,0.3144854510165756,-1.170856753950965,-0.0938753829194604,-1.7580344843987388,1.6619841561000674,-1.1633945253385576,-0.2950870657075106,0.35220321381054914,-2.3798589472476337,0.8866149255006973,0.1669813472952931,-1.032167873922991,-1.6154677014352752,-0.9232978789144605,1.2026770359610246,0.9502724275815219,0.3718358020196306,-0.5690588085940036,0.026457785216002398,-0.7369162610693037,0.02493129091173128,-0.9499688470769931,-1.8424663457380845,-0.7687079826302847,0.1483565546378737,0.8151759227827118,-1.62175169670154,-0.6829163830401589,0.0006549231757086282,-0.6215528534612216,1.3586335165146186,-0.6898263536523759,-0.2051204094740241
1.0,0.3144854510165756,-0.5167425170711493,0.345505114671354,-0.1990147803695698,0.2469469696264815,-0.30162674591904187,0.11819055466896536,-0.08552930049460736,0.6280742556594892,-0.3040505172584038,0.7667343707886611,-0.4228748115872913,1.037059305963855,-0.487501380365887,0.8880176009640158,-0.7056652191841979,1.1511445081152747,-0.8888204351075158,1.0402239741430188,-1.2398546538211368,0.8956598501703456,-1.1288077761115838,0.7458454080963158,-1.877221906331479,0.5907627946423406,-2.03905099245346,0.3869516729522698,-1.7026036936222877,0.3622110989569157,-1.3753635582202683,-0.030998074745260826,-1.1804359286342392,-0.7522428076924886
-1.0,0.3144854510165756,-0.6352387405907677,-0.7789110881499844,-1.1068167662948798,-0.32210719794450804,0.27616473417686344,-2.3201636061645665,-0.41002622183792387,1.6854323813070087,0.30111693658699007,-0.3712192687004464,-0.06323072290335907,-2.210322070643632,-0.487501380365887,-0.21572419164838552,0.37123837544401084,-0.6825692195624895,0.1372120203320589,-1.457929054735534,-0.7369162610693037,0.02493129091173128,-0.6434727607765446,0.10872341539389155,-0.32978542712322295,0.49920328682191406,0.8151759227827118,-0.2906699285483352,-0.5784907817046918,-0.9537770027104909,-0.3935087933950027,-1.604660804648257,-0.6898263536523759,-0.2051204094740241
1.0,0.3144854510165756,0.7145246862975378,-0.07008493555382683,0.8271869106588476,-0.2964312136584344,0.947953425022859,-0.2481052899689069,0.9625735993526094,-0.3337718500389929,0.9290708743969611,-0.5149062767390749,0.9470600089015462,-0.18768727367241766,0.9535769521911497,-0.19660016686066772,1.00664997304118,0.05742275736044414,0.9648976299251739,0.056943258974705646,0.9883819368236619,0.03778916954303916,1.0233237242853972,0.14967888848005176,0.9898610730884841,0.13529070149862643,0.7768739535901973,0.15451587244269674,1.0038301598312422,0.031107768165828265,1.191032468830166,0.01613814978334225,1.1348470171877878,-0.14341554773946313
1.0,0.3144854510165756,-0.5424025584729314,-0.6321207984315321,-0.24726817210956534,0.1942473023316262,-0.34231242092250624,0.04243244129046695,-0.1907607558259701,-0.015640638189611485,0.04326422417651709,-0.7498539520454808,0.25599855423975165,-0.43743050880229534,0.35312284336460925,0.5053856706242366,0.31286268030637393,0.09778632212812688,-0.17734768242594162,-0.33127278313899217,0.09433769512848648,-0.08281889562755466,0.2530660876835272,0.05451936382964524,-0.06458871602216129,0.31257639507429497,-0.3231149837179526,-0.12269375921430144,-0.34791367847543,-0.27275138843888197,0.003916865208704142,-0.36355660216025987,-0.535733044379304,-1.3221526639012688
1.0,0.3144854510165756,0.6714248665734571,0.31624609388411784,0.4922754939207705,0.7527754781545691,0.35194101211533485,0.8942808880337274,-0.06499000467974156,1.4455624855210638,-0.2897731369755674,1.488599776489032,-0.45399739874234907,1.9383671645673897,-0.6785019025629967,1.6077645519678299,-1.1333353048064103,1.8863854619533338,-1.3860898755553472,1.4895581477150222,-1.9387508425238786,0.9850638026444469,-1.958400935046074,0.7630939255847223,-2.3145149333344723,0.5001098166023143,-2.754365094277055,0.10280131073473756,-2.102008790167214,-0.3796808351010215,-2.00310582136176,-0.7869292753559499,-1.7982885206697456,-1.3154504703747054
1.0,0.3144854510165756,-0.06868161779609275,-0.8587436481787347,0.8271869106588476,0.49901310314261443,0.42805510572586375,-0.3065084973956884,0.6246632603342788,0.09795244443615128,0.046632037844237584,-1.1062883454097723,0.4320734772754723,-0.09322432558975183,0.5174634164094136,0.10146636427640926,0.5904898901094721,-0.8171278564239315,0.6237485759228854,0.10945112989042025,0.44103090311026355,0.4222843456279713,0.7965815106879693,-0.6908156130251583,0.4054578339126143,0.05575256685307305,-0.025325448963951076,-0.058269093935792445,0.22712490759494602,-0.26206238079205907,-0.40672036549241225,-0.30537177235863494,0.1380021806363082,-0.4354301196918335
1.0,0.3144854510165756,-0.42812958937946965,-0.615801197433206,0.10493323750047817,-0.2925972431541791,-0.20368131450177565,-0.11098735741455963,0.24775021575496867,-0.11524217518493494,-0.47244120064442907,-0.967779247570734,0.2984022836713617,0.11006476508876337,0.08019701796163205,-0.21572419164838552,0.322770860527755,0.13368070416342778,0.23810113798790486,0.08220370283149477,0.6499973957201483,0.37754358242672353,-0.12871629549014577,-0.18692085721282553,0.10989757501907108,0.26520036046381174,-0.22927808003786818,0.23392342459873136,-0.10861864845591139,-0.058990920599380256,0.09890152057958432,0.1129481850109782,0.03864500426234759,0.33646150876248115
1.0,0.3144854510165756,0.5593012323218789,0.2979242199400869,0.5581669991945841,0.5037765210418408,0.3752080665283175,0.6313246992553788,0.18365723338224357,1.14636345410931,0.04999985151195807,1.1062758321267896,-0.0433097213092219,1.6564401640259034,-0.2617708703541528,1.5919288210350138,-0.5980293547125946,1.7572623176042481,-0.8258646229097849,1.4587967040671335,-1.37055772918365,1.5025788724430151,-1.3753907827478036,1.3845088407100343,-1.7308540349215669,1.2102970708693628,-2.306775331257669,0.8428545213831188,-1.7943831323805841,0.5388061037444808,-1.9726960949159733,0.2759151127880494,-1.8743458566880038,-0.08461496986641295
1.0,0.3144854510165756,0.7145246862975378,0.05345315221450385,0.8271869106588476,0.00810222530381091,0.947953425022859,0.1526168558567354,0.9735917638713715,-0.5634490916638905,0.9389593485702681,0.3419515627897791,0.9734251044618382,0.8950284277486755,0.9535769521911497,1.0603501591755093,-1.2238300174950245,2.055006518558875,0.9977856960782441,0.026457785216002398,1.0233945182238018,1.80915103745616,1.0552252733666054,2.059913176525868,1.0418792441128133,2.1190734685514863,0.8151759227827118,1.874838006338296,1.039994049816912,0.49278234706258056,1.218688179518038,2.214653403511198,1.1593673253716466,2.0289440993804653
-1.0,0.3144854510165756,0.07177929950242073,-1.4476487221988028,-1.1068167662948798,-0.32210719794450804,-1.1633945253385576,-0.2950870657075106,0.5199507765201041,1.7719350083723513,0.9389593485702681,-1.1148750464907593,-0.6177092081689287,-0.24152024826140925,-0.487501380365887,-0.21572419164838552,0.42127468556198533,-0.4156664057520467,0.7485164038299363,-1.8133414760213693,1.0233945182238018,-1.9144169189386275,-0.6434727607765446,0.10872341539389155,-0.7687079826302847,0.1483565546378737,0.8151759227827118,-1.5157875457509176,-0.904810017687821,-1.8336417813293517,-0.707196965876936,-0.030998074745260826,-0.6898263536523759,-0.2051204094740241
1.0,0.3144854510165756,0.6307948965361018,-0.09721250449563526,0.564568551365301,-0.6298472304194034,0.8420059848737234,-0.3044226685590176,0.6304517887952225,-1.3662192119527927,0.8035481596644211,-0.28645256380798834,0.9734251044618382,-0.5721057607482036,0.9429706156635299,-0.2707165796691759,0.97831257760803,-0.2705387556721341,0.7472942651162918,1.1623314511113432,1.0233945182238018,-0.2915897304179458,0.8427521232559803,-0.05703015481426983,0.783707611451515,0.11556382519035117,0.5061898286562164,0.0956158188949907,0.7372269994509392,-0.036097152840162974,0.8457212622608471,-0.07494547417473973,0.7666170798837345,-0.2506729848095672
1.0,0.3144854510165756,0.6961422172551149,-0.21842537206895382,0.8231835230475532,-0.6243867269739488,0.9197247029265266,-0.6885594375183166,0.9610965265729204,-0.8404360254130777,0.8088685887033198,-1.1601817607371738,0.8564926438266032,-1.1224551104472131,0.8067598916702389,-1.1631854921041427,0.7978020476081692,-1.0062628644001805,0.8008803471760828,-1.0236076431352275,0.6540109042969366,-1.135555284380625,0.6258793452369242,-1.1520378487615348,0.46759718753443746,-1.201170680841029,0.13845587430917408,-1.1527541198328066,0.3682312720459401,-1.48267618771019,0.3472636689297201,-1.8337621684599812,0.219884476743492,-2.0648674098699438
1.0,0.3144854510165756,0.7145246862975378,0.10185217997734937,0.7392864435413007,-0.5333473546365401,0.4681073763442199,-0.2950870657075106,0.9735917638713715,-0.30396196943764137,0.8575406617628762,-0.5101382844302855,0.9734251044618382,-0.13605866657737187,0.8225685209783895,-0.31404850461238715,1.0467946165714759,0.041861143612105606,0.9977856960782441,0.026457785216002398,0.7833585403593938,0.2012374366692274,0.6691621711468918,0.28610607657839954,0.8772787593295982,0.23792563837524736,0.6504599302054479,0.17719125666691005,0.9616877706435583,0.17961213959793076,0.9560744810919792,-0.23515025063355552,0.9072112752999308,-0.10358217754658756
-1.0,0.3144854510165756,-0.8467973920010522,-2.246857044967747,-3.0408204432486072,2.0015112894829707,-1.1633945253385576,-0.2950870657075106,-1.0224525330057677,-0.30396196943764137,-2.643821149004736,1.6473242987323038,-0.6177092081689287,-0.24152024826140925,-1.3716605805229314,-1.6804860359094689,0.7251255456843387,0.769532670840365,0.24537129648958406,0.29092892901887457,-0.7369162610693037,0.02493129091173128,-2.3421707949196944,-0.4197173076134816,-2.3039411039302924,2.0451715842797253,0.8151759227827118,1.874838006338296,-2.40582681589723,1.3334934678370016,-0.707196965876936,-0.030998074745260826,-0.6898263536523759,-0.2051204094740241
1.0,0.3144854510165756,0.16531307275314902,-0.6274488282248873,0.13767591975130478,-0.2210762661111613,-0.20870632262363592,0.4797274694367636,0.27930767608859625,0.07511757768024134,0.04326422417651709,0.07144890411285357,0.3023801194529385,-0.7762069868192253,0.23930647665925442,0.6025850409536665,0.03444281608556508,-0.8159199691989635,-0.003631632192929567,-0.4534906480629907,-0.2623892842952613,0.25259137726606495,0.26101599448331714,0.033700169078367065,-0.20192175717062533,-0.0915585224619695,-0.15980099509689658,0.05199586234956875,0.15007635303757783,-0.08690438808224363,0.5320716074818219,-0.5972840080171921,0.24281447836338982,0.12514134686993506
1.0,0.3144854510165756,0.7145246862975378,2.0591062791288266,-0.3970374168528618,-0.17901877148872392,-0.8890670861480987,1.5824221472464395,-1.5730813127422951,1.638994565913399,-1.4172025039524698,0.30290149003453626,-2.005051038037947,0.6157698720682816,-1.825643487628375,-0.4075485443550528,-1.2472133228174838,-0.6473593069546705,-1.2984562624090283,-1.4915973812161778,-0.8323075021991971,-1.7902210595798105,-0.20833427235043525,-0.29015830747431837,0.5673605437279822,-0.7571878673054312,0.5322632077862504,0.007117133511052462,1.039994049816912,1.9691646187231966,0.03754281984730034,-0.02547377210874994,-0.36144654013128996,1.5774396621409732
-1.0,0.3144854510165756,0.7145246862975378,-2.246857044967747,0.8271869106588476,2.0015112894829707,0.947953425022859,1.7299894747495452,0.9735917638713715,-1.3419104583426376,0.9389593485702681,1.6473242987323038,0.9734251044618382,2.078866587470986,0.9535769521911497,1.947627028681684,-0.6045687536587061,0.041861143612105606,0.9977856960782441,1.866257046453374,1.0233945182238018,1.96427950076209,1.0552252733666054,-1.8424663457380845,1.0418792441128133,2.1190734685514863,0.8151759227827118,1.2192274370183267,1.039994049816912,-1.4757273484849074,-2.1516108249231665,2.214653403511198,1.1593673253716466,2.0289440993804653
1.0,0.3144854510165756,0.49022085635117346,-0.11232643576321423,0.630266656271419,-0.3793843936595954,0.8234894633490536,-0.3319839602746381,0.7575199687344213,-0.5687426289573059,0.6202351955059957,-0.7459920940216198,0.7960613626328864,-0.2141628874681243,0.8207383514960422,-0.5125143455654678,0.8343962598924699,-0.08112190734339256,0.8533539696375564,-0.016924681363974826,0.8120868122774575,-0.25776749763815554,0.7639155474913968,-0.13386800760764705,0.8633372376836763,-0.23607119375925464,0.5862793046545951,-0.1340052269036353,0.7703930252834377,-0.2525347938656093,0.9957477150871157,-0.44738677184357345,1.0067533710417944,-0.581046444378969
1.0,0.3144854510165756,0.3342432497994149,0.10887090019562679,0.40420096647229775,0.15785943681851194,0.34892178454631795,0.27331141766797595,0.36120537358946525,0.5523870518485368,0.32839981007602387,0.5712251115024675,0.30352573615803274,1.1695998020208898,0.22165326708543073,1.0486464290735236,-0.0537730151521312,1.408001726504733,-0.10547652499662567,1.1956134197471273,-0.5679440293649585,1.3457049957482197,-0.6083776593911471,1.5181848512451859,-0.927098153225771,1.3935146223559112,-1.3642586994197081,1.1876881978969074,-0.9969340385326886,1.103315629136634,-1.1986058195759177,1.130026196028111,-1.1953774135607536,0.7436197655012119
-1.0,-3.179797338056488,-1.170856753950965,-0.0938753829194604,-1.1068167662948798,-0.32210719794450804,-1.1633945253385576,-0.2950870657075106,-1.0224525330057677,-0.30396196943764137,-0.852430900217234,-0.5101382844302855,-0.6177092081689287,-0.24152024826140925,-0.487501380365887,-0.21572419164838552,-0.6045687536587061,0.041861143612105606,-0.5690588085940036,0.026457785216002398,-0.7369162610693037,0.02493129091173128,-0.6434727607765446,0.10872341539389155,-0.7687079826302847,0.1483565546378737,0.8151759227827118,-1.62175169670154,-0.6829163830401589,0.0006549231757086282,-0.707196965876936,-0.030998074745260826,-0.6898263536523759,-0.2051204094740241
-1.0,-3.179797338056488,0.7145246862975378,2.0591062791288266,-1.1068167662948798,-0.32210719794450804,0.947953425022859,-2.3201636061645665,0.9735917638713715,-2.3798589472476337,0.9389593485702681,1.6473242987323038,0.9734251044618382,2.078866587470986,0.9535769521911497,-2.379075411978455,1.0467946165714759,2.055006518558875,0.9977856960782441,1.866257046453374,1.0233945182238018,-1.9144169189386275,-2.3421707949196944,-1.8424663457380845,1.0418792441128133,-1.8223603592757387,0.8151759227827118,-1.62175169670154,1.039994049816912,1.9691646187231966,-0.707196965876936,-0.030998074745260826,1.1593673253716466,-2.4391849183285133
-1.0,0.3144854510165756,-0.04264450010626073,0.7744651810178546,0.4947123385537323,1.548893644316972,0.44125103041562275,1.136824305284269,0.6544242808007168,-0.5319784934802909,0.8907888647803723,-0.33795119566807935,0.9069793355663773,-2.2307182709297204,0.8377430758202152,1.6976301616603413,0.9716906104934072,-0.06294320460762323,0.8203092190340187,0.36010538124139974,0.9967082068097182,-1.3247387022515273,0.8287888254153236,-1.5645193642648347,-0.25080761229268894,-0.4441000711919756,0.8151759227827118,0.4250819836639192,0.4017935672779959,0.8407558059445099,0.9829020611673313,1.7881368182459487,0.8261241324747276,1.3324074668098125
1.0,0.3144854510165756,0.5148627917752214,0.19516240521052214,0.5757857726916327,0.41083178154474165,0.5023745535785856,0.5835531436659969,0.2428000258987133,0.9410572430039016,0.11497357583548082,1.0220053436284589,0.013955202602359431,1.5257095697007406,-0.1378093121875965,1.5046375992946956,-0.45373322342188127,1.6442845991622355,-0.7125660967769347,1.4295070998282344,-1.092516641594304,1.3228594738361825,-1.1575497468492861,1.330363324838622,-1.5029373148191456,1.1433518173037172,-2.031963083563742,0.8390257556582902,-1.5497815382278655,0.5371131854063099,-1.724507276228923,0.3995382266660675,-1.5923808045104209,-0.071702077005234
1.0,0.3144854510165756,0.6137133406874504,0.5243102417044643,0.2963802614821275,1.2404797624807227,-0.1591529862286535,1.3746897957263549,-0.9971626517643343,1.545849068519065,-1.2979675689931738,1.3123782326963116,-1.3757892400787313,1.0597294853489607,-1.5810060298934923,0.6873235082539955,-1.7019822813451737,0.18696866223826877,-1.5941824942208687,-0.3327630205405944,-1.660639342503361,-0.8283819214224265,-1.1675380912900477,-0.9661675121161027,-0.843286070499833,-1.1285103482250338,-0.8188402159004785,-0.8598448004091597,-0.04971234075652823,-0.8241703243556444,0.17984647324053488,-0.5370556353703538,0.2417234540927657,-0.3387174671035226
-1.0,-3.179797338056488,-3.0562381941994676,2.0591062791288266,-3.0408204432486072,-2.645725685371987,-1.1633945253385576,-0.2950870657075106,-3.0184968298829067,1.7719350083723513,0.9389593485702681,-2.667600867592875,-2.2088435207996957,-2.561907083993805,-1.928579712922924,1.947627028681684,-0.6045687536587061,0.041861143612105606,-2.1359033132662515,-1.8133414760213693,-2.4972270403624095,1.96427950076209,-0.6434727607765446,0.10872341539389155,1.0418792441128133,-1.8223603592757387,0.8151759227827118,1.874838006338296,1.039994049816912,-1.9678547723717794,1.218688179518038,2.214653403511198,-0.6898263536523759,-0.2051204094740241
1.0,0.3144854510165756,0.7145246862975378,0.4264572251643696,0.8271869106588476,0.8069390250965038,0.947953425022859,1.1826720381602167,0.9735917638713715,1.7719350083723513,0.9389593485702681,1.6473242987323038,0.9734251044618382,2.078866587470986,0.9535769521911497,1.4528253375677902,1.0467946165714759,2.055006518558875,0.9977856960782441,1.866257046453374,0.573951970054686,1.96427950076209,0.8793590658917654,2.059913176525868,0.40143833026924464,2.1190734685514863,-0.3871398310514488,1.874838006338296,-0.4965147033093524,1.9691646187231966,-1.041723215632043,2.214653403511198,-2.194755645452496,2.0289440993804653
-1.0,-3.179797338056488,-3.0562381941994676,-2.246857044967747,-1.1068167662948798,-0.32210719794450804,-3.274742475699974,1.7299894747495452,0.9735917638713715,-1.0824233361163884,-0.852430900217234,-0.5101382844302855,-0.6177092081689287,-0.24152024826140925,-0.487501380365887,-0.21572419164838552,1.0467946165714759,-1.9712842313346641,-2.1359033132662515,-1.8133414760213693,1.0233945182238018,-1.9144169189386275,-0.6434727607765446,0.10872341539389155,1.0418792441128133,-1.8223603592757387,-3.0792795111282465,1.874838006338296,-2.40582681589723,-1.9678547723717794,-0.707196965876936,-0.030998074745260826,-2.5390200326763983,2.0289440993804653
-1.0,0.3144854510165756,-0.3656480484496343,-1.170366213943604,-1.1068167662948798,-0.32210719794450804,-1.1633945253385576,-0.2950870657075106,-0.09513027356258635,0.7556173659761349,0.20373696266290153,-0.4651983388230088,-0.6177092081689287,-0.24152024826140925,-0.487501380365887,-0.21572419164838552,-0.33278737018622273,-0.8724490913274687,0.35799607948542533,-0.3108326133466449,-0.7369162610693037,0.02493129091173128,-0.6434727607765446,0.10872341539389155,1.0192469037785246,-0.6563462828204716,-3.0792795111282465,-1.62175169670154,-1.1639012885808673,-1.4880305340820792,-0.707196965876936,-0.030998074745260826,-0.6898263536523759,-0.2051204094740241
-1.0,0.3144854510165756,-3.0562381941994676,-2.246857044967747,-2.0872405902898024,2.0015112894829707,0.947953425022859,-2.3201636061645665,0.9735917638713715,0.8132650250499184,-0.852430900217234,-0.5101382844302855,-0.23650524954884958,-2.561907083993805,0.9535769521911497,1.947627028681684,-0.6045687536587061,0.041861143612105606,0.9977856960782441,1.866257046453374,1.0233945182238018,1.96427950076209,-0.6434727607765446,0.10872341539389155,-2.063784814175088,2.1190734685514863,-0.48298237927999743,-1.62175169670154,1.039994049816912,-1.9678547723717794,0.6369167947971242,-2.2766495530017195,0.1898165875225613,2.0289440993804653
1.0,0.3144854510165756,0.607680120078655,0.7366157633990459,-0.17340857168670237,1.1774167567319407,-0.7079345454865927,1.2746307638623715,-2.139059673121808,1.0432744101912657,-2.1722376660114264,0.39703158253792,-1.8277827642677533,-0.24152024826140925,-1.3911439595791026,-0.8880721174147679,-1.2385436651237753,-1.209449627093558,-0.7695678998569111,-1.2482839289175354,0.14163724576809222,-1.2088820401950668,0.5707735810093206,-0.6260946486484107,0.5685374254253651,0.04028243907885119,0.03819311916313661,0.6577450625041898,0.1013696751007085,1.1918395101454045,-0.6543891951902059,1.1924103940940753,-1.088734414091438,0.9221215197586855
1.0,0.3144854510165756,-0.05961293306849727,-1.4056225201556203,0.5454025749266894,0.9628073532331392,0.5494576128716452,-0.14756023973521407,0.10776762921497486,0.03285231521202992,-0.2651952627622029,0.011363571171775487,0.1831246027212626,0.04277354685252387,0.4334485496213385,0.21409042880679266,0.5820018823864889,0.9017761905206182,0.2818160996682606,0.2823186684762837,0.41136966647917483,0.5643609954816087,0.5264885232592086,0.250867589492356,0.17047982362589503,0.6736117337032688,-0.17765707326137836,0.6105935503586977,0.11334390260906507,0.5631368835814478,0.13025493074661432,0.6275167647386632,0.0650329980620204,0.46380318576718704
1.0,0.3144854510165756,0.6136379254298404,-0.0746707864939897,0.7747173909030932,-0.3281486060118195,0.9251930941179631,-0.28755378097701034,0.8897778638455004,-0.2707891357322377,0.8324432843773631,-0.43397985524464616,0.9290801911688186,-0.13202119348319752,0.9337621251184904,-0.17552912597465284,0.9522870908932027,0.18549906611455763,0.9750821192055434,0.013468802431666557,0.9841395878455654,0.12151083176227913,0.9933586909631118,0.24721886463903925,0.9200991472420726,0.30800433183401543,0.7225463002871394,0.20269887855058566,0.9964561031786137,0.016757332485287078,1.1771853546347764,0.12756737613442776,1.1593673253716466,-0.21092897719704579
-1.0,0.3144854510165756,-1.170856753950965,-0.0938753829194604,0.8271869106588476,0.8797612284924808,-1.1633945253385576,-0.2950870657075106,-0.8030673043360013,-2.3798589472476337,-0.852430900217234,-0.5101382844302855,-0.6177092081689287,-0.24152024826140925,-1.928579712922924,-0.7006177341731673,-1.5245598008476429,-1.6350285593573053,0.6364713533008238,1.1882358247095655,-0.7369162610693037,0.02493129091173128,0.26444736451228634,0.8046737793944448,-2.403704460123837,1.0317895328070676,0.8151759227827118,-1.62175169670154,-2.40582681589723,1.6064273371246611,-0.707196965876936,-0.030998074745260826,-0.6898263536523759,-0.2051204094740241
1.0,0.3144854510165756,-0.8038484027921913,0.029382817232804028,-1.0256272919363623,0.263235535223348,-1.3862895284582124,0.6944868365522345,-1.3881478086366283,-0.6842870547422101,-1.6045460961706668,-0.3783820444765462,-1.3404024129658232,-0.028972814108321813,-0.724011156305148,-0.8762818532639689,-0.7747417489609264,-0.7572569129730147,-0.2760275493301998,-0.296555771079443,-0.13819935881613274,-0.2068790006116821,-0.1572034615227264,-0.20407181521317552,-0.37680637740174117,0.6349659750214228,-1.0558567736082993,0.6701229900529508,-0.7486798742623133,0.519081636595095,-1.030630117194568,0.34613663451312887,-1.2474137236884895,-0.9554979967080701
-1.0,0.3144854510165756,0.7145246862975378,-0.29892535641293927,-3.0408204432486072,-2.645725685371987,-3.274742475699974,-2.3201636061645665,0.9735917638713715,0.35505228513791875,0.604847153268911,1.1336324576812913,-2.2088435207996957,-2.561907083993805,-1.928579712922924,1.947627028681684,0.17758299301711722,2.055006518558875,0.9977856960782441,1.866257046453374,0.47486407628827704,-1.9144169189386275,-2.3421707949196944,-1.8424663457380845,0.7329387456136386,0.8678258855694553,0.8151759227827118,1.874838006338296,1.039994049816912,1.0005397379320995,-2.63308211127191,-0.7617330657699126,-2.5390200326763983,1.4219711129697892
1.0,0.3144854510165756,-0.04175837082934399,0.2223760934188125,0.24443292271915038,-0.6459266703524014,0.6338270769680876,-0.5773017323856058,0.5939241781623709,-0.25314401142085274,0.05170167224830621,-0.44918996645594245,0.45503354540673435,-0.3464017332365135,0.6767602152902685,-0.5131417174193634,0.24443018224403512,-0.45099710708236257,0.708608874295934,-0.23687268304490264,0.49961404584513824,0.017619948160595426,-0.07724574505560834,0.22998985904824387,0.24741167489020932,-0.5048375664787932,0.0644028042333572,-0.16781724933203052,0.2255915173097033,-0.04013259771603532,0.33010403228425095,-0.733033639877795,0.5569000247456202,-0.6973741833550223
1.0,0.3144854510165756,0.47033008215655164,0.7248389537076417,0.13286025059568982,1.2861156295737983,-0.5015502833387644,1.459135487463414,-1.1009569552019454,1.579706948227146,-1.6079139098383872,1.2017219768059026,-1.7404294905043245,0.9548712042422137,-1.6554809581200396,0.2761137082936558,-1.944418937728667,-0.21056715495246983,-1.626271469676556,-0.6745425293006608,-1.4117137952035228,-1.1941623872823026,-0.8645243359595927,-1.2719774833783175,-0.4871254571271981,-1.1606133267526868,-0.38151234294944747,-0.7750175342134132,0.2228693188257891,-0.5878704205021238,0.37590158104174326,-0.16434485952412936,0.26176871357338605,0.16673962802480563
1.0,0.3144854510165756,-0.7668383651201133,-0.29892535641293927,-0.4621553206558939,-0.15613112938756327,-0.761224967753715,0.0906495137187494,-0.5471943859193209,-0.1062535412710177,-0.1273477831180046,-0.4587691003251843,-0.12522131572345382,-0.3520170693789859,-0.04145881487283307,-0.31874297676050345,-0.13275772515024087,-0.19780381327530733,-0.046782529851603194,0.11406902603612602,-0.19206486866250178,0.02493129091173128,-0.27945875904000894,-0.12356572566887022,-0.12207486047125465,0.05451101519730748,-0.7015392182310805,0.08650720271857192,-0.354736403789544,0.0006549231757086282,-0.3798542677141523,-0.07667462581299721,-0.41810583445658595,-0.24705380030522286
1.0,0.3144854510165756,0.7145246862975378,-0.05708092631505518,0.7539848714861489,-0.39511529081947944,0.947953425022859,-0.36466869563761506,0.9735917638713715,-0.4092307051823861,0.921511207547078,-0.6631455308281764,0.9602664236963815,-0.4504014712140395,0.9535769521911497,-0.5559544380696955,1.0467946165714759,-0.24515299249405534,0.9713060239492832,-0.19087770151396832,1.0233945182238018,-0.3342166040704567,1.0552252733666054,-0.26730987537146295,1.023248301549627,-0.28683686146166937,0.7468282299175744,-0.2273641719747989,0.9469396573383017,-0.3364129919928877,1.150049632936161,-0.5376395047547005,0.9191755584032164,-0.725568077456766
1.0,0.3144854510165756,0.26761386970103296,-0.26133429659357615,0.8271869106588476,-1.0105953557692702,0.947953425022859,-2.031407942260795,0.5743829044959438,-0.17710390512367272,-0.03634515847959947,-1.4330576282555778,0.9734251044618382,-0.5334481160649018,0.9535769521911497,-2.022533497355856,0.20887632888297922,0.07914459595611978,0.7192320800376121,-0.08256871900492424,0.9919729708134197,-0.36173595516823326,1.0552252733666054,0.5387071030545452,0.4920039033509345,-0.37350899133558996,0.6622796024473675,-0.30264574828124663,0.6762704283364558,0.040753465674010954,0.9777984655320345,-0.639681907926674,1.1593673253716466,-1.4793637833893591
-1.0,-3.179797338056488,-3.0562381941994676,2.0591062791288266,0.8271869106588476,-2.645725685371987,-3.274742475699974,1.7299894747495452,-1.0224525330057677,-0.30396196943764137,0.9389593485702681,1.6473242987323038,-2.2088435207996957,-0.6765927799612335,0.9535769521911497,1.947627028681684,-2.255932123888888,-1.9712842313346641,0.9977856960782441,-1.8133414760213693,-2.4972270403624095,-1.9144169189386275,1.0552252733666054,2.059913176525868,1.0418792441128133,-1.8223603592757387,0.8151759227827118,1.874838006338296,1.039994049816912,1.9691646187231966,-0.707196965876936,-0.030998074745260826,-2.5390200326763983,-2.4391849183285133
1.0,0.3144854510165756,0.4700284211261122,0.9174231633778609,-0.06351848276219162,1.587000987510783,-0.9442366080910425,1.6343046082129493,-1.78160806043705,1.5210836175737916,-2.1769669362682253,0.7460658792419637,-2.0831279987587386,0.14670367322497782,-1.6751949097094203,-0.7553072530231114,-1.585197863802495,-1.2333053997866772,-0.9452895110559036,-1.4983862404901438,-0.4055729630829625,-1.5013163567584025,0.23232498468663923,-1.0118448644242024,0.48555821282372885,-0.34122864828568505,0.21342414141195998,0.3098343870517262,0.22674586729971746,0.7833737483193006,-0.2069675582120455,1.2394343360487656,-0.8144435156818047,1.0806283966619117
1.0,0.3144854510165756,0.7145246862975378,0.15942290962052055,0.8271869106588476,0.22461699596230342,0.947953425022859,0.5387584505910867,0.9735917638713715,-0.1818577092028576,0.9389593485702681,-0.0025089132379599428,0.9734251044618382,0.031473262962507104,0.9535769521911497,0.8023272591267417,1.0467946165714759,-0.0765520673422634,0.9977856960782441,-0.1899945978685744,1.0233945182238018,0.709404848096317,1.0552252733666054,0.9121453114375941,1.0418792441128133,-0.0834982902840628,0.8151759227827118,0.4801357885382814,1.039994049816912,0.11644266346781187,1.218688179518038,0.7615821579905738,1.1593673253716466,0.3205326288143487
-1.0,0.3144854510165756,0.7145246862975378,2.0591062791288266,-1.1068167662948798,-0.32210719794450804,-1.1633945253385576,-0.2950870657075106,-1.0224525330057677,-0.30396196943764137,0.0028504601638709983,-2.432394296776489,-1.4372070245462787,0.8140005194449002,-1.8635726693412757,0.4023668855121185,0.4632358287995342,2.055006518558875,-0.5690588085940036,0.026457785216002398,-0.7369162610693037,0.02493129091173128,0.4102296298024513,0.504834448801294,-2.5792952093733827,-1.8223603592757387,0.8151759227827118,-1.62175169670154,1.039994049816912,1.9691646187231966,-0.707196965876936,-0.030998074745260826,-0.6898263536523759,-0.2051204094740241
1.0,0.3144854510165756,0.6676352498785575,-0.07858921311891756,0.799704718409335,-0.27670369270017514,0.947953425022859,-0.2555170701069797,0.9594198493635437,-0.2707683767624596,0.8625923822644571,-0.4603224733850614,0.9282050672968716,-0.15910010785619455,0.9535769521911497,-0.13503119113007395,1.0116040631518708,0.08476127155222127,0.9755208356668513,0.1310319752247346,0.9733664858762915,0.11794243105615448,0.9616949596066835,0.21615592364181815,1.0129279543571912,0.21835641942008518,0.767274120945607,0.23978021235132313,0.9512469334204443,0.16150185039889386,1.2015863194269307,0.10861407765794323,1.1396549207532507,0.017101987221731965
1.0,0.3144854510165756,0.4153900669877104,-0.48920587570476687,-0.26274020152519517,-0.2542807742965,0.8090478433685814,-0.30049402007053094,0.7330085447687701,-0.01759198134875293,0.6007627835016757,-0.5487352900430643,0.791383427753752,1.0344836765761924,0.8341692015554736,-1.4593482741673292,0.6339537740139304,-0.5524193710721809,0.7890193342757141,-0.3434154582631588,1.0233945182238018,1.96427950076209,0.14829039293757768,-0.20912539669450736,0.862015509008154,0.09361003876935355,0.6858410578225287,0.1062979004377774,0.3780863197218826,-0.6351343382922191,0.9194634044780206,-0.6082652437458661,1.0358966634232125,-0.23695582872520057
-1.0,0.3144854510165756,-3.0562381941994676,-2.246857044967747,-1.1068167662948798,-0.32210719794450804,-0.09053417784190752,-1.8848126514971086,0.186870864700216,0.37898737729206805,-2.643821149004736,-1.4026374058329854,-0.6177092081689287,-0.24152024826140925,-0.487501380365887,-0.21572419164838552,1.0467946165714759,-0.49584998603617664,0.002557403600525826,-1.1421459095367514,0.9717822061749276,-1.9144169189386275,-2.3421707949196944,-1.8424663457380845,1.0418792441128133,-1.0263680905768915,-3.0792795111282465,-1.62175169670154,-2.40582681589723,-1.9678547723717794,1.218688179518038,-2.2766495530017195,-0.6898263536523759,-0.2051204094740241
-1.0,0.3144854510165756,0.220743287096455,1.7002688255152383,-2.580334167765925,-0.8753607598009907,-0.4596189130445865,-0.5843895002772056,-0.11948201398448743,-0.6005246116875769,-2.0577678291139048,-0.23381047677882114,-0.08733640773971518,-0.24152024826140925,-0.07577088997101612,-0.37025236931656236,-1.2356207519584679,1.0718467117961215,-0.19599313203154137,0.0702634056260642,0.05941312926731133,0.11728305266480535,-0.3603507594259057,-0.4022931830465731,-1.8053596993020453,-0.05332661433204539,-0.6474062876997181,-0.7664683723894807,1.039994049816912,0.0006549231757086282,-1.9911268157574034,-0.1379359981398334,-0.20552252911598431,-0.1519273335181987
-1.0,0.3144854510165756,0.4276261925349232,0.13429761362441703,0.8271869106588476,0.5871247161858643,0.947953425022859,-2.3201636061645665,0.3136595984378517,-0.12908840802692761,0.9389593485702681,0.07319644880521534,0.9734251044618382,1.1645877664557076,0.9535769521911497,0.5524169261542122,1.0467946165714759,0.0956523880306833,0.34635442481571044,-0.7651158469313768,1.0233945182238018,1.2563398302383153,0.870576797055245,0.6274472133908273,0.8795238874907597,-0.5085425142769507,0.8151759227827118,0.40525632004768336,-0.033706502835286006,-0.03767196059660096,1.218688179518038,0.4734650733302701,1.1593673253716466,0.6306207826433519
-1.0,-3.179797338056488,0.7145246862975378,2.0591062791288266,-1.1068167662948798,-0.32210719794450804,-1.1633945253385576,-0.2950870657075106,-3.0184968298829067,-2.3798589472476337,-0.852430900217234,-0.5101382844302855,-0.6177092081689287,-0.24152024826140925,-1.928579712922924,-2.379075411978455,-2.255932123888888,-1.9712842313346641,-2.1359033132662515,1.866257046453374,-2.4972270403624095,1.96427950076209,-0.6434727607765446,0.10872341539389155,-0.7687079826302847,0.1483565546378737,0.8151759227827118,-1.62175169670154,-2.40582681589723,1.9691646187231966,-2.63308211127191,2.214653403511198,-2.5390200326763983,2.0289440993804653
1.0,0.3144854510165756,0.24159560582560355,-0.03899588035384957,0.807730833668693,-0.09457847565560933,0.4381684624080948,-0.0343179595928555,0.46086786533254087,-0.49469538375882344,0.8644733420256839,-0.4565900631161901,0.9403454221022446,-0.2524028625209942,0.897519005054681,0.004829465264265047,0.9061314846952693,0.11747488389510628,0.5438081692945071,0.07581959939500109,0.6928257569803494,-0.1311474530170256,1.0552252733666054,0.10872341539389155,0.530641834769632,0.1245700014869364,0.46995192084367493,0.17115963942916634,0.5650737889998606,-0.020467185857515915,1.0339765352232058,0.2175057178385989,0.6570708463383513,-0.14368363548052565
1.0,0.3144854510165756,0.42624986408354176,0.19748762540553427,0.31734486134030604,-0.4650329711061723,0.6919102590825298,-0.12781574346575775,0.7525897393211345,-0.49367819423969656,0.5580202121656058,-0.36606293312668786,0.6658270191440584,-0.24966480605482996,0.6547261275854714,-0.23852591351066446,0.8117065271855072,-0.05011946856921229,0.796759546128795,-0.03821115881649122,0.7016449139846078,-0.15911285420306778,0.5626368174257748,0.1944586934980306,0.79685247471767,-0.14949759973102966,0.4480650813050953,0.04224037707808761,0.6645201791843705,-0.01318369998399021,0.7516032552053948,-0.18096268046322714,0.8961161132257867,-0.34253771741366373
-1.0,0.3144854510165756,0.0765304607318471,-2.246857044967747,0.8271869106588476,2.0015112894829707,0.947953425022859,-1.6583888435086054,0.5922075800670565,-1.143579261082671,0.9389593485702681,-2.667600867592875,0.9734251044618382,-2.3153659826972377,0.9535769521911497,1.372024169488462,-0.3141104504689194,1.4708319936568217,0.9977856960782441,1.4621635367151977,1.0233945182238018,1.678574722486935,1.0552252733666054,-1.8424663457380845,1.0418792441128133,1.8305013908471157,0.8151759227827118,-0.02330319690539413,0.9707675086247152,-0.7129298414602557,1.218688179518038,1.4346937320831648,1.1593673253716466,0.5708148757413171
-1.0,0.3144854510165756,0.032318265958019766,2.0591062791288266,-0.7039057802751097,-2.645725685371987,0.947953425022859,1.7299894747495452,0.7284575637718899,0.33792613507098634,-2.050620182021243,1.6473242987323038,-0.7119202708197964,1.1222175028352341,-0.4622248664128366,-0.10660475609493683,-1.4555988665068305,-1.9712842313346641,-0.3457207928980214,-0.03405321248609475,-0.16173471393528155,-0.825666833928636,-2.3421707949196944,2.059913176525868,0.6964373071224976,-1.8223603592757387,0.8151759227827118,0.01919785093505508,1.039994049816912,1.9691646187231966,-0.3101950020052161,-2.2766495530017195,1.1593673253716466,2.0289440993804653
1.0,0.3144854510165756,0.7145246862975378,0.2678470661212723,0.8146545668321876,0.057432645791896345,0.8342784513754002,0.38021520823870386,0.8090977533657264,0.16539833724519792,0.7850430983944457,0.29043135630385636,0.7228214502224924,0.8467179738287269,0.6799305876218941,0.8491854465590912,0.6913056238620248,1.0144318057026398,0.4508159479422092,1.0747202102912197,0.25859229394432615,1.1511301898539332,0.30076552848226684,1.3715334287985066,0.10600481248157345,1.2369017492071965,-0.28857116401916244,1.3351219027255818,-0.06811302417944169,1.499616001044254,-0.053917465707506926,1.4700851993804862,-0.28113605865127667,1.552753249318131
1.0,0.3144854510165756,0.676854765121373,-0.09226064667292419,0.8271869106588476,-0.32210719794450804,0.9264599028881798,-0.2966058731128534,0.8682205854392273,-0.25426499578887013,0.8977573728481557,-0.46418433140892246,0.9398203477790763,-0.17021476079935272,0.9416160020309263,-0.16514504011706851,0.9465403463648014,0.15687213888281454,0.8967555624169777,0.12358078821672325,0.9835762883961915,0.1320608860238651,1.0552252733666054,0.23049716838613818,0.9360504207096794,0.30812257484885025,0.7510926586177069,0.25338194629614813,0.9659261303083867,0.15986798735158944,1.183829658386389,0.15148356437785904,1.1084590233881155,-0.012633411391121294
1.0,0.3144854510165756,0.6802484517138202,-0.0938753829194604,0.6072326724789004,-0.2493547031031537,0.6576219683686605,-0.20250056627781401,0.5743829044959438,-0.30396196943764137,0.38525853657253917,-0.4120816100255459,0.6447444895017006,-0.045772414799024344,0.6238294081354485,-0.008496778252968178,0.4312819475855802,0.5543072988048058,0.4992471115816284,0.26060903719368267,0.5071657790883055,0.2694443132096645,0.521902038567022,0.3719974498634291,0.5809942655453576,0.5962413876630203,0.1254873377142506,0.3903258820157032,0.4761371524557786,0.05433618257328862,0.46210420014962234,0.33874844114966507,0.39823920708535904,0.17639078670305708
1.0,0.3144854510165756,0.09357430895169346,-0.03944800650287971,0.18173252351231073,-0.2052059518420316,0.04423316182966181,0.08483754404763767,-0.8472796855118299,0.40352447956978216,0.28726948996386287,-0.2484164984668319,0.3703692886316511,0.08994701122296347,0.64571938800699,0.021725238295042883,0.359381586445758,0.4072671606186938,-0.3435115421464335,0.7848966326684964,0.211680011676165,0.43851669014441874,0.22999776837986316,0.5501800988500012,0.11554660716650957,0.615889435294739,-0.23307517408593137,0.5569383813655514,0.06539530526265275,0.4988059867309559,0.07592571079502218,0.548200354526645,1.1593673253716466,0.532925141671145
-1.0,0.3144854510165756,0.32155463270654244,0.2689235569522964,-1.1068167662948798,-0.32210719794450804,0.030382719275291133,-0.15588330431649258,-0.23465376991429832,1.7719350083723513,-0.16527151468483606,1.6377667394888935,-0.6565169740539931,0.993273606373585,-0.1456055459667301,0.06248277528606139,-0.6485115329405313,1.956805287168972,-1.3681181690867563,1.5888521138440033,-0.9164679605572005,0.7774565767799662,-1.3666424878719665,0.5716431862224529,-2.4267351296480095,1.7389221758575502,-1.7969521704043852,1.6693783953876749,-2.40582681589723,1.3668203369826206,-2.63308211127191,0.2577927053585198,-0.6898263536523759,-0.2051204094740241
-1.0,0.3144854510165756,0.20032460609856367,-0.20152446602187477,0.6191074550553961,-0.24166352590976875,0.947953425022859,1.1776903498706923,0.30220230417377697,-0.4266267218564338,0.010696749453560249,-0.8729803416665698,0.6839818616511754,-0.019714470633749568,0.33129050662637016,1.947627028681684,0.22862663479093231,0.48108920151799184,0.4778753525378989,0.21043771133973957,1.0233945182238018,-0.5568731720433763,1.0320550321808928,-1.8424663457380845,0.26826963974228996,0.7933130790543816,-0.02248249649719626,0.3830704583818956,0.045409544241510724,0.1617183864654041,0.23508085921046282,0.29783267121583246,1.1593673253716466,2.0289440993804653
-1.0,0.3144854510165756,0.7145246862975378,-1.9605320137319457,0.8271869106588476,0.1955950010543342,0.6416390643844249,-1.1030116022882577,0.9735917638713715,-0.5549379140548695,0.9389593485702681,0.2481450896738697,0.9734251044618382,-0.06117978338828744,0.9535769521911497,-0.5351862663545269,1.0467946165714759,-1.9712842313346641,0.9977856960782441,-1.8133414760213693,0.3515014968754164,0.3314064885143835,1.0552252733666054,1.3252707195620674,1.0418792441128133,-0.18690180675711002,0.8151759227827118,0.7546005972783933,1.039994049816912,-1.308285913781638,1.218688179518038,1.9547866144473605,1.1593673253716466,-0.6257053939109702
1.0,0.3144854510165756,-0.277789273334054,-0.3204982326666631,0.5135108542937227,-0.28130445730528153,0.5922968627844784,-0.24213131417455858,0.3432609353605397,-0.41321642737978126,0.3732562219056628,-0.5101382844302855,0.6529070085254965,-0.1248511981607844,0.6410791157761563,-0.09120169540618674,0.7860608540458326,0.9954478448168915,0.9977856960782441,0.12328642033492526,0.5401892093078443,0.17292295280541214,0.5507289442064314,0.26756977384764574,-0.006360230810103324,0.5632515865241066,0.1418051059823374,0.2833302371026843,0.22388583598117473,-0.41377542302790404,0.45122294907814087,0.18310233719170996,0.37194367296963743,0.01200832014154372
-1.0,0.3144854510165756,-1.170856753950965,-0.0938753829194604,-1.1068167662948798,-0.32210719794450804,0.947953425022859,1.7299894747495452,-3.0184968298829067,-2.3798589472476337,-0.852430900217234,-0.5101382844302855,0.9734251044618382,-0.4993384295796357,-0.487501380365887,-0.21572419164838552,-0.6045687536587061,0.041861143612105606,-2.1359033132662515,1.866257046453374,1.0233945182238018,1.96427950076209,1.0552252733666054,-1.8424663457380845,-0.7687079826302847,0.1483565546378737,0.8151759227827118,-1.62175169670154,-0.6829163830401589,0.0006549231757086282,-0.707196965876936,-0.030998074745260826,1.1593673253716466,2.0289440993804653
1.0,0.3144854510165756,0.6567000375251162,-0.07501526355991742,0.8271869106588476,-0.30251909409549443,0.9196191355290085,-0.31053839971119795,0.9310360994619507,-0.36300047948655756,0.9357348461224505,-0.5858652210992925,0.9734251044618382,-0.271012364943568,0.9535769521911497,-0.2715602866451046,1.0467946165714759,0.018206685456481065,0.9740480018324595,0.026917735031311743,1.0233945182238018,-0.025724484329560086,1.0552252733666054,0.0161589731257906,0.9697997666161706,0.05914219994500446,0.7993644337210329,0.06582487462509129,0.9886513189177714,-0.048124747079958126,1.218688179518038,-0.11756793923204732,1.130150065243067,-0.2969851420781207
1.0,0.3144854510165756,0.5362995787508471,0.7912799677984518,0.1571319967414592,1.4150532194411491,-0.5316581051109182,1.6470625904178289,-1.2887647630951156,1.7266804542560932,-1.7881815105738736,1.2862297861883811,-1.8851590675812189,1.036688044070138,-1.8800297838990774,0.11293212574415862,-2.140353201606478,-0.47257802550179195,-1.695040274986621,-1.0659966181141365,-1.4682549774344174,-1.6274903512912668,-0.6816934665447655,-1.721258437776566,-0.11113891362172637,-1.5340050604318987,0.18306686130462407,-0.9566828522348478,0.7983903198173651,-0.5529490585031115,1.000177250921524,0.18907577012387217,0.70622241432681,0.8292737987706931
-1.0,-3.179797338056488,-3.0562381941994676,-2.246857044967747,-1.1068167662948798,-0.32210719794450804,-1.1633945253385576,-0.2950870657075106,-1.0224525330057677,-0.30396196943764137,-0.852430900217234,-0.5101382844302855,-0.6177092081689287,-0.24152024826140925,0.9535769521911497,-2.379075411978455,-0.6045687536587061,0.041861143612105606,-2.1359033132662515,-1.8133414760213693,-0.7369162610693037,0.02493129091173128,1.0552252733666054,2.059913176525868,1.0418792441128133,-1.8223603592757387,0.8151759227827118,-1.62175169670154,-0.6829163830401589,0.0006549231757086282,-0.707196965876936,-0.030998074745260826,-0.6898263536523759,-0.2051204094740241
1.0,0.3144854510165756,0.7145246862975378,-0.0938753829194604,0.8271869106588476,-0.32210719794450804,0.24417781272888797,-0.07008081129732713,0.9735917638713715,-0.5346148826421095,0.7399179780274887,-0.7498539520454808,0.9734251044618382,-0.7571566108978621,0.633340525130325,-0.21572419164838552,0.6798286484389249,0.041861143612105606,0.9977856960782441,-0.17796231070008195,0.6322182568492879,-0.19054968868474206,0.48899825764566923,-0.10807327896548231,0.4383562038225364,0.1483565546378737,0.6272100312649995,0.03297441436503203,1.039994049816912,0.21937603544798998,1.0047030810132023,-0.28051241049433595,1.1593673253716466,-0.2051204094740241
1.0,0.3144854510165756,0.5719144341571413,0.7010915659752491,0.28520172022933515,1.267712571153373,-0.5447062354441516,1.6100644420236783,-1.24417313350288,1.2846597107710114,-1.418599788346524,1.484500597581023,-1.6776592418710408,1.5861556467715694,-1.8153830099005686,0.6996762437220799,-2.1620521162913025,0.2348211278007535,-2.1359033132662515,0.08516577964208694,-1.9063083148615068,-1.2604299156128895,-1.4250437262858078,-1.4165996684734194,-1.012883776028859,-1.5874903174755144,-0.7471822359165169,-1.3619026329201347,0.15965573504426306,-1.382164082655535,0.6387271268337955,-1.065075667452795,0.7167813102340371,-0.4998828807722855
-1.0,0.3144854510165756,-0.9797733449817793,0.1388834645645799,-1.1068167662948798,-0.32210719794450804,-1.1633945253385576,-0.2950870657075106,0.06998251067509062,1.4072414273106917,-0.29564889699159047,1.6473242987323038,-0.6177092081689287,-0.24152024826140925,-0.487501380365887,-0.21572419164838552,0.009110901986234144,-1.9712842313346641,-0.05030792998711572,-1.8133414760213693,-0.7369162610693037,0.02493129091173128,-0.6434727607765446,0.10872341539389155,-1.5394387533102867,-1.8223603592757387,0.8151759227827118,-1.62175169670154,0.27166214228430136,-0.46487793472431677,-0.707196965876936,-0.030998074745260826,-0.6898263536523759,-0.2051204094740241
1.0,0.3144854510165756,0.7145246862975378,0.03125591127878604,0.7213002093456311,-0.1497411785471377,0.9469399780066856,-0.027149188639637552,0.9735917638713715,-0.3436323606835903,0.8466310951477605,-0.35840394095646066,0.9052131764793571,0.09827719996324279,0.8795343474643692,0.02709034932146148,0.8964544953457201,0.4468858615976462,0.9467222336709757,0.32570113505626086,1.0180255703469578,0.3014435586721954,0.8986732625399728,0.42891365519564884,0.8910030105083111,0.590408065597836,0.5897453699907759,0.5386337342701378,0.8430309291326916,0.4437861407404036,0.8012333154022232,0.6331758064638694,0.8556187716551605,0.491148135355566
1.0,0.3144854510165756,0.6853955430456986,-0.15278096119310153,0.789628559252406,-0.41746850066853175,0.947953425022859,-0.44970165957140684,0.9480423968713441,-0.27373690944072787,0.8543699010225223,-0.5663186100958394,0.9495580897723767,-0.4145746984703313,0.9446710880959474,-0.3703821703897822,1.0037931144106822,-0.1500318735278205,0.9549168304304113,-0.19843927647765394,1.0109667241219922,-0.07692327706960957,0.9750127521943659,-0.06520563991341281,0.9939348943486562,-0.016020943151660708,0.7500022110962117,-0.09919667640987377,0.9274707694470167,-0.29296798301215465,1.1634537935481102,-0.38480046514456595,1.0997863050334926,-0.6251245371386681
1.0,0.3144854510165756,0.4054918144264058,0.1906411437202207,0.2889730273993949,-0.1813191537912771,0.2264847169048592,-0.1267019513685064,-0.5456374713677566,-0.03490496214368824,-0.0671391568562567,-0.07152614127333115,0.16859754644694366,0.05284402571960246,0.15733794110341018,0.07647965768159694,-0.11986057722874308,0.10068525146805021,0.1855021679660575,0.31633655681656264,-0.15891821668841258,0.30838642526345966,-0.14244177560602247,0.39433857262839017,-0.2900611433684793,0.4347017222295216,-0.6717076896073225,0.37679407986493907,-0.22756838474036356,0.31831333274620677,-0.3457661006406613,0.27512913477065964,-0.38184314641092487,0.08973142440459138
-1.0,0.3144854510165756,0.5514957531592498,1.6626562358792552,-2.5181172694783234,2.0015112894829707,-1.996659107428194,0.8335893441162295,-0.9145663387595583,0.3132022020652694,-1.1856115725892216,-0.7310840275719663,-0.6679572297618084,-0.4496589474266051,-0.4673118729267629,-0.28934303367621783,-0.5862716475165557,0.031050552948641456,-0.5637002003880245,0.02824239049940265,-0.7360713118952431,0.026385802069119047,-0.6435237217175688,0.10909414144850663,-0.7687623002470869,0.14839596897615198,-1.1320712664499368,0.12654315481837805,-0.6829163830401589,0.0006549231757086282,-0.707196965876936,-0.030998074745260826,-0.6898263536523759,-0.2051204094740241
1.0,0.3144854510165756,0.5182376245532662,0.7519449928328296,0.17212052523785043,1.3463438207679188,-0.5401034969123638,1.5441684513972058,-1.1180031734972762,1.6559961621616632,-1.6715440914753195,1.315182934054423,-1.853384115357982,1.1161612931939726,-1.825095877862003,0.3279908705571708,-2.128479898974523,-0.26645207056099224,-1.7608634126279021,-0.8640786491933349,-1.6334601440710752,-1.4527938645479466,-0.8964938329621667,-1.6198551058905377,-0.3779651532268567,-1.5406069620935094,-0.09556195271453552,-1.0726647326846794,0.6066131595360444,-0.799662378646078,0.8940224617073533,-0.1888449171519073,0.7315008919190683,0.4187644452686806
1.0,0.3144854510165756,0.11717928458360466,0.021847381415635015,0.5332763718721896,-0.3174134885999046,0.6173374494757647,-0.2889915853207348,0.6602128092616606,-0.098427409664674,0.5056757890960349,-0.42163916926895617,0.6853025031306589,-0.22794598527237475,0.6759964437740132,-0.20116483793556417,0.7267934226882712,-0.20871506120751884,0.6520614561223127,-0.03859751666135107,0.6073450655378764,0.042559966139271044,0.6243505170061954,0.12780605125776226,0.6730988377697792,0.06473903598051911,0.24705276408378113,0.14570446639103635,0.3893369248484392,0.22896267766530629,0.5759047533910113,-0.004274822154008964,0.5011838191966264,-0.17770843795037952
1.0,0.3144854510165756,0.5043612171530372,-0.05876025201145285,0.6726019967599363,-0.29178397668357947,0.7883777469345431,-0.26756627552269924,0.7575998105062962,-0.5161809174791568,0.7616654556477689,-0.6919692309392287,0.8626821563027368,-0.2654898442745249,0.8540560825447607,-0.4086518534774211,0.8160165855818079,-0.05994361799895253,0.8324992692803689,-0.047575737056189435,0.8195153237660742,-0.21023407301472322,0.8667887004391059,-0.12364377325931554,0.733717298121138,-0.13026340265123282,0.5513849839667528,-0.07989550124909384,0.7907922848084654,-0.256255277190194,0.901379342962762,-0.3106265968177551,0.9150148726254125,-0.4784582021323709
1.0,0.3144854510165756,0.40092919134100446,0.5833665286944487,0.16074858361736274,1.0179468199397932,-0.4252250549331991,1.1361762807913227,-0.6772765927468039,1.3348964176340132,-1.1923651138271505,1.2133722747549804,-1.2816736454866213,1.302488356103284,-1.473501586284737,0.8171462149860028,-1.8385500320632098,0.43426344009672996,-1.700007172066432,-0.06345320468066795,-1.8288370374648169,-0.5218679368555773,-1.4786376492630242,-0.9344411666000969,-1.2499077498817979,-1.1525925089130582,-1.1618443782421861,-1.092123254382096,-0.29167788194697514,-1.267616503471627,0.1228595317882977,-1.1809063707012635,0.5058992630781375,-0.8770153105120119
-1.0,0.3144854510165756,0.7145246862975378,-0.4115262973380647,0.8271869106588476,-0.20783164073282465,0.04803358814031241,-0.32827807020560174,0.2864335542284475,-0.26993801797133554,0.6746576312641601,-0.5808814825321869,0.5299918828747697,-0.24152024826140925,0.5047098731662839,-0.5703623571970937,-0.27971255146702473,-0.2551583250075408,0.4581331117790287,-0.28954613589412853,0.44624142301697123,0.08852251871272454,1.0552252733666054,-0.46703365932093205,-0.20474627324434447,-0.5300824501460265,-0.11199655464563954,-0.22879777375304522,-0.11802573941931103,-0.0638925097412935,-0.1704720347068108,-1.0249683320511345,0.21960709769163844,-0.351608019319613
1.0,0.3144854510165756,0.7145246862975378,0.4244980118519056,0.8236090038564832,-0.3135330457259007,0.5308355239494573,-0.9053033796434353,0.7723705383031869,-0.7915071336460963,0.4130609132337212,-1.0295905505783423,0.5574230384245242,-0.9501431840257254,0.5427543411457897,-0.9962180449190681,0.17477567528772595,-1.189962379864073,0.06509016778199532,-0.9865172900286819,0.3375950417190008,-0.7377755730582178,0.2598269058594169,-0.5289449104416496,-0.3347826478690339,-0.8792146586149621,-0.563305522604411,-0.7194567238321101,-0.46278011703401095,-0.7698788269524446,-0.40566112866244497,-1.1836685220195184,-0.350443837741097,-1.2462614925354818
-1.0,0.3144854510165756,-2.3828930666291175,-2.246857044967747,0.8271869106588476,1.603173372183278,0.947953425022859,-2.3201636061645665,0.9735917638713715,-0.789576549456733,0.9389593485702681,1.564499310164692,0.9734251044618382,-1.1158188040970185,0.9535769521911497,-2.379075411978455,1.0467946165714759,0.32046033205098906,0.9977856960782441,-1.8133414760213693,1.0233945182238018,-0.0408707938484914,-2.07523738583444,2.059913176525868,0.20448265174413044,1.8375368502297873,0.8151759227827118,1.874838006338296,1.039994049816912,-1.9678547723717794,1.218688179518038,-2.2766495530017195,1.1593673253716466,-2.4391849183285133
1.0,0.3144854510165756,0.5493841259461716,-0.0002852700702213696,0.7148406370646057,-0.26912869643116155,0.8361575510512218,-0.18684672462008095,0.8454856408977969,-0.27653937036077136,0.7940537913458471,-0.37318255965112446,0.8583224482861286,0.038480831206418924,0.8389824031862141,-0.0813584473536849,0.8634767688422232,0.29797349821283364,0.7430794533987235,0.2921064005460665,0.688636217325632,0.25472466029690033,0.6652211917076797,0.38622162322208126,0.602902370988949,0.37102785874097277,0.3001341916479876,0.3587516769972535,0.4608721660206648,0.30183690659447426,0.6587370734944493,0.2104992852264388,0.5169204574051208,0.05061295485454931
1.0,0.3144854510165756,0.7145246862975378,-0.27005387232487177,0.8271869106588476,-0.5852802278305443,0.9320338614771339,-0.8986003762945224,0.9735917638713715,-0.9905648948482964,0.8791627420657414,-1.2497380325642526,0.7472930959507535,-1.338251086170326,0.836907250387332,-1.25781047448138,0.60231365184032,-1.2711927957431752,0.49844802088424567,-1.1426242573446732,0.7144599764578617,-1.4938886531146758,0.35585430572952914,-1.3504738474686568,0.44498295307241614,-1.7493650047843785,-0.18264197621678438,-1.3712035615302203,-0.029226935709857637,-1.6507869157099453,-0.2427312453620302,-2.0261695871169945,-0.1494734687047663,-2.2073113629545063
1.0,0.3144854510165756,0.7145246862975378,-0.006076790741131257,0.8271869106588476,-0.04369123078094753,0.947953425022859,0.032145052464945104,0.9735917638713715,0.27564922573668665,0.9157250170434943,0.15628033288280663,0.857988310080476,0.6318501528399071,0.8255803746934336,0.6441862849206138,0.7485418782742027,0.9690957718588381,0.6627786725342708,0.8910530500418928,0.6607704976894221,1.1164352503797101,0.5512385536166743,1.242930511642298,0.4457796114521831,1.3253278171345004,0.014923747945518609,1.1928281847603759,0.24662825369488806,1.200107250866704,0.16546011120443446,1.3980446999580194,0.058024554018519324,1.194699730484022
1.0,0.3144854510165756,0.43565791747038185,0.7512129790677332,-0.3547407564378839,1.4538808843660624,-0.9763713238955433,1.7077743851007314,-1.8732664145496483,1.5382720445500584,-2.217989772965459,0.5681615146343766,-2.0989279624831623,0.008339006210255101,-1.7253876680323819,-0.8873149444876522,-1.6949639870216953,-1.0706432534909782,-0.8708330601938784,-1.5569286529827167,-0.23621346300717275,-1.5361664440894134,0.4547185313166605,-0.5786807374529037,0.6401823619875895,-0.3112934583633372,0.26407153432997216,0.4996817249782741,-0.031139366290328888,1.1484929266494486,-0.3284331343321065,1.4582057030605098,-0.89721342475492,1.2455246980604615
-1.0,-3.179797338056488,0.7145246862975378,2.0591062791288266,0.8271869106588476,-2.645725685371987,-1.1633945253385576,-0.2950870657075106,-1.0224525330057677,-0.30396196943764137,0.9389593485702681,1.6473242987323038,0.9734251044618382,2.078866587470986,-1.928579712922924,-2.379075411978455,1.0467946165714759,-1.9712842313346641,-2.1359033132662515,1.866257046453374,-0.7369162610693037,0.02493129091173128,1.0552252733666054,-1.8424663457380845,1.0418792441128133,-1.8223603592757387,0.8151759227827118,1.874838006338296,-2.40582681589723,-1.9678547723717794,-0.707196965876936,-0.030998074745260826,-0.6898263536523759,-0.2051204094740241
1.0,0.3144854510165756,0.7078315821846556,0.045379470981822795,0.8271869106588476,-0.35082712244911174,0.9017360183894476,-0.24450065372689334,0.8959855616087885,-0.25596723131067434,0.9259538553640707,-0.34168360593695063,0.8035396939022511,-0.0014530262365356108,0.8701673383027485,-0.10173721584919417,0.8619905418090162,0.26572290930618636,0.7800569837089885,0.18525085945339995,0.700078237391037,0.25435618413702876,0.7777939104303462,0.39051424069657154,0.7038245030076095,0.4126691071319674,0.4155269061547692,0.36497560666866447,0.6800780603930701,0.3033920292539568,0.7780841759545758,0.32673420574099304,0.6220101341840559,0.06330244126484282
1.0,0.3144854510165756,0.6243468920104521,0.048113757692624104,0.7036814358485826,-0.019339709032707583,0.757847655572317,0.09275559332082475,0.6718098266265169,-1.3411216174910698,0.760232343448739,0.8128177715650141,0.6223731410661121,0.5550221447088075,0.5537353580398743,0.6060896699306012,0.48772554758004777,0.8641102405553642,0.926838976906685,1.1277984189779175,0.20059005376661848,0.8799511296705574,0.15105927073323105,0.9772174899713456,-0.036506508135375905,1.019393723418551,-0.46271173874649096,0.8821736725938019,0.8733886109596334,1.9691646187231966,-0.2564435475972424,0.8587290409399482,-0.34528458737661993,0.6257505220140491
1.0,0.3144854510165756,-0.5526590335078833,0.14385685220391145,-0.7979563790853695,0.3588989083507374,-0.867383542697887,1.2132911954519274,-1.5240784252539614,1.6057179373591048,-1.1480640329746354,0.06512753874418721,-1.6314845241184954,0.33544393844345094,-1.8947143721078334,-0.22301468526089785,-0.9881309236620706,-0.35893596908604686,-1.047291088310067,-0.8729464816324991,-0.9908586940901271,-1.720307556614705,-0.4847294294858672,-0.45548261593503064,-0.256185056356116,-0.21740850458449273,-0.36096909053556714,-0.07447578720938211,-0.14872800333282404,0.1111670574837446,-0.2942294141498918,0.4302587388886158,-0.4424782071461226,0.38516411505550896
-1.0,0.3144854510165756,-1.170856753950965,-0.0938753829194604,0.8271869106588476,-2.645725685371987,-1.1633945253385576,-0.2950870657075106,-1.0224525330057677,-0.30396196943764137,0.9389593485702681,1.6473242987323038,0.9734251044618382,-0.8295526801727129,0.9535769521911497,0.2880770405420811,1.0467946165714759,-1.9712842313346641,-0.5690588085940036,0.026457785216002398,-0.7369162610693037,0.02493129091173128,1.0552252733666054,2.059913176525868,-0.7687079826302847,0.1483565546378737,0.8151759227827118,-1.62175169670154,-0.6829163830401589,0.0006549231757086282,1.218688179518038,-2.2766495530017195,-0.6898263536523759,-0.2051204094740241
1.0,0.3144854510165756,-0.010630723250841165,0.31353333698993696,0.4047424875018449,-0.28074678886829896,0.4726045474784896,-0.24148328968161234,0.2765132140729681,-0.5179454299102954,0.5365772708876195,-0.3375412777772784,0.5591096407959127,-0.12410867437335003,0.554715291306013,-0.09076902516212072,0.5285142228247334,-0.13777181819439463,0.39755890322839954,0.32649224873859295,0.42899037737989876,0.17179813084369894,0.4416215694734168,0.2656185840865138,0.32043265774475843,0.005854014592780387,0.012976520228563129,0.2798161644511292,0.26601099606453005,0.5064044341557691,0.3210138543979865,0.17575905685781135,0.24603207536489155,0.003139084041391426
1.0,0.3144854510165756,0.6799467906833805,-0.07505832319315839,0.7904988609070354,-0.4108229517944892,0.8965421024315585,-0.4104961777481582,0.8926920885189411,-0.4486727477607759,0.9211171016923446,-0.6073751230534234,0.8893018333530494,-0.4991295947644198,0.8580190479592925,-0.49241681272860144,0.9512962728710647,-0.1913214851679787,0.6794342296189368,-0.32678367294157296,0.8169804762438921,-0.3122631823349506,0.8217732025343124,-0.25691003394462947,0.8334263366978806,-0.23965789854257744,0.4610336179000188,-0.24297644499887175,0.6703608455517561,-0.46911023056974394,0.7740205582977925,-0.54963128364859,0.6845498644086485,-0.7391065083804241
1.0,0.3144854510165756,0.708887395791195,0.3728264519627467,0.6718090552523852,0.7706905766926352,0.46027427544837907,0.9688644570187608,0.041678602545372624,1.3177287496275247,-0.19366505012811794,1.3947070048697963,-0.4568932631913371,1.6916404323239642,-0.5858837981295559,1.7155859767890809,-1.0713926647890761,1.492795409697491,-1.2538795362511028,1.1613931534881121,-1.7186239795732756,0.958145649491724,-1.7476264829695922,0.802059185114528,-1.939397471697837,0.4618582013032511,-2.4298985398007638,0.16635182858748657,-1.8006028390431978,-0.2643458520388942,-1.7590191380344014,-0.5463526324903356,-1.562664262088505,-0.9877578882159288
1.0,0.3144854510165756,0.5800969896078196,0.6201394554822335,0.3662751543672353,1.1266456927816506,-0.12239441841286115,1.4113639318740323,-0.5914666484240557,1.6721466406490249,-1.1024373233380178,1.5646287579196816,-1.3687564264169032,1.6980911077273,-1.5070210683000138,1.201054522545777,-2.0490823481338554,0.7816920689050435,-2.0076414221137813,0.12939455388223334,-2.3180978154615426,-0.48265431605240317,-1.899982709651891,-0.9462653765525566,-1.6877077413082788,-1.3244587309754643,-1.5667314374287389,-1.379123337207606,-0.5483570782340217,-1.7150784423665264,-0.013473877654212546,-1.783886249127905,0.40872413524542517,-1.551591088960625
-1.0,0.3144854510165756,-1.0982318608725925,-0.038586813838060396,-1.0985392305575181,-0.32210719794450804,-1.12123090676984,-0.33552784422043797,-0.9797371850525969,-0.4076115055396943,-0.939313327283428,-0.5378401039980932,-0.5950037215276877,-0.2944714758528225,-0.487501380365887,-0.28670374518741515,-0.6823149411291431,-0.015573893935125732,-0.5958831865139925,0.09206502687172709,-0.6992456103924313,0.03323170124989081,-0.5562276297429524,0.06419726504485986,-0.6757162226647592,0.18489364622183205,-1.0542795191575656,0.15397390103872555,-0.6485098616960032,0.014690397304962218,-0.7566536964106789,-0.07263245315213557,-0.7162143474520487,-0.16050614123219994
-1.0,0.3144854510165756,-1.170856753950965,-0.0938753829194604,-1.1068167662948798,-0.32210719794450804,-1.1633945253385576,-0.2950870657075106,-1.0224525330057677,-0.30396196943764137,0.261724265016153,1.6473242987323038,-0.6177092081689287,-0.24152024826140925,-0.487501380365887,-0.21572419164838552,-0.0004174646599940025,-1.4066170851158446,0.309909621637034,-1.8133414760213693,-0.7369162610693037,0.02493129091173128,-0.6434727607765446,0.10872341539389155,-0.7687079826302847,0.1483565546378737,0.8151759227827118,0.3184359977212042,-0.6829163830401589,0.0006549231757086282,-0.707196965876936,-0.030998074745260826,-0.6898263536523759,-0.2051204094740241
-1.0,-3.179797338056488,-1.170856753950965,-0.0938753829194604,-1.1068167662948798,-0.32210719794450804,-1.1633945253385576,-0.2950870657075106,-1.0224525330057677,-0.30396196943764137,-0.852430900217234,-0.5101382844302855,-0.6177092081689287,-0.24152024826140925,-0.487501380365887,-0.21572419164838552,-0.6045687536587061,0.041861143612105606,-0.5690588085940036,0.026457785216002398,-0.7369162610693037,0.02493129091173128,-0.6434727607765446,0.10872341539389155,-0.7687079826302847,0.1483565546378737,0.8151759227827118,-1.62175169670154,-0.6829163830401589,0.0006549231757086282,-0.707196965876936,-0.030998074745260826,-0.6898263536523759,-0.2051204094740241
1.0,0.3144854510165756,0.4263064255267492,-0.1670121699792407,0.5643944910343753,-0.5194521160817238,0.566918460421134,-0.2950870657075106,0.44809318183252705,-0.4626227754516591,0.4369222313475707,-0.8032943002304181,0.574798225118452,-0.5124718190698812,0.6292622734491886,-0.6199247336548557,0.6856744747695398,-0.3855497509428431,0.40232211052260325,-0.16103615749669814,0.6571266543762853,-0.27975970633785857,0.8748914900619686,0.042441499208238316,0.7689513255535587,-0.3662961674306661,0.31113602824878595,-0.2810193409679452,0.4583739458930221,-0.43818494325269286,0.6912074970458085,-0.8796746814079417,0.5272574500708651,-0.7600843741185678
1.0,0.3144854510165756,0.7145246862975378,-0.11925903671500972,0.8271869106588476,-0.3300772093563843,0.947953425022859,-0.32677951356566354,0.9735917638713715,-0.33644975714036773,0.9389593485702681,-0.5707414083913227,0.9734251044618382,-0.29226710835887676,0.9510982974591515,-0.2825068438199748,1.0390001814639893,-0.023324503628670792,0.9870371427761924,-0.03705208528191167,1.0233945182238018,-0.050334813112561154,1.0552252733666054,0.01040296333045127,1.0418792441128133,0.05118050361279347,0.8120993029899223,0.02991489837487217,1.0296565872197698,-0.123439928031605,1.2005270825969634,-0.17689805128758296,1.1403391224144894,-0.3540878309244414
