0,1,1,-1,-1,1,1,-1,-1,1,1,-1,-1,-1,-1,1,-1,-1,1,1,1,1,1,-1,1,1,-1,1,-1,-1,-1,-1,1,-1,1,-1,-1,1,-1,-1,-1,-1,1,1,-1,-1,-1,1,-1,-1,1,-1,1,1,1,1,-1,1,1,1,1,-1,-1,1
1,2,0.244310551,-2.25E-05,-0.000358141,0.113979,0.104211378,-1.10E-07,-0.000184787,0.59472601,0.194152103,-0.030867973,-0.002500248,-0.002457955,-0.011812148,0.019230854,-0.000853914,-0.071466669,0.009545416,0.021346048,0.416548394,0.037271542,0.005894779,-0.219444113,0.431615972,0.43153376,-0.038732376,0.731085928,-1.54E-06,-0.001368808,-0.056927298,-0.006817068,0.079701009,-1.87E-07,0.0812804,-0.01083667,-0.005193333,0.211344768,-0.031737431,-0.021541071,-3.63E-14,-0.002999092,0.374574229,0.217195257,-0.058950216,-0.194483077,-1.47E-05,0.310799165,-0.036465542,-0.000795936,0.415975363,-0.000734279,0.059807844,0.037546966,0.092201105,0.406032987,-0.019929153,0.025788356,0.272895625,0.268675674,0.523744465,-0.000326015,-0.007307695,0.125119641
1,0.244310551,2,-5.87E-06,-1.11E-07,0.019841328,0.326055735,-9.74E-07,-0.046016993,0.787340427,0.035761396,-9.08E-05,-0.000804176,-0.008981059,-0.401110534,0.468405425,-0.016747484,-0.327821457,0.129889425,0.036428606,0.082788319,0.084594956,0.002680447,-0.110738774,0.205988329,0.675688956,-0.004134813,0.451776995,-7.20E-07,-9.18E-05,-0.000292502,-0.30581747,0.003823601,-3.07E-06,0.034811996,-8.09E-05,-0.291133755,0.0039931,-0.000139222,-7.16E-05,-9.60E-16,-4.81E-05,0.3414517,0.899948641,-0.00055049,-0.020316619,-1.11E-05,0.583556392,-0.000119973,-3.52E-05,0.93727386,-0.028972366,0.662756128,0.442269777,0.001819433,0.542006936,-0.001223936,0.486063272,0.99689269,0.004371716,0.031043073,-0.000137539,-9.27E-06,0.093062584
-1,-2.25E-05,-5.87E-06,2,2.44E-08,-0.037476301,-0.002436304,0.090854653,7.26E-10,-6.59E-06,-0.018201223,1.34E-06,0.501518201,4.02E-14,3.11E-08,-8.60E-06,0.00574016,1.73E-09,-0.001474584,-0.058269486,-0.004149151,-0.02267358,-0.334157481,2.05E-09,-3.29E-08,-4.46E-07,8.07E-12,-1.22E-06,0.816756623,0.403876745,2.54E-05,1.19E-08,-0.020683234,0.04473544,-0.052392208,0.005290529,5.38E-08,-0.000270178,4.41E-09,5.95E-05,0.002954437,0.066911015,-0.001874408,-4.37E-05,0.000702969,1.39E-09,1.41E-19,-0.000537929,2.96E-07,0.351303323,-7.62E-06,0.000754149,-6.16E-08,-0.0001581,-0.003040362,-0.000565238,1.84E-12,-2.42E-05,-7.89E-06,-1.18E-05,-3.36E-07,0.785942855,7.52E-08,-0.021615696
-1,-0.000358141,-1.11E-07,2.44E-08,2,-0.000160033,-1.34E-07,3.30E-14,4.47E-15,-3.73E-06,-0.000221518,0.404012058,1.20E-06,6.33E-10,3.13E-11,-1.51E-10,1.98E-11,1.65E-08,-4.21E-10,-1.52E-07,-0.00034792,-1.24E-07,-1.15E-06,8.92E-06,-2.27E-05,-1.58E-06,4.99E-05,-2.50E-05,4.85E-10,2.74E-05,0.228021749,9.12E-12,-0.002336681,1.21E-14,-1.41E-05,0.027056665,4.55E-12,-0.041217133,0.115035884,0.269233361,2.07E-14,0.001532106,-8.15E-06,-1.08E-07,0.069579097,0.000324544,1.02E-10,-1.15E-06,0.331814495,4.38E-05,-7.63E-07,2.91E-12,-2.13E-09,-1.89E-09,-0.01963572,-3.32E-06,9.06E-05,-3.89E-10,-1.64E-07,-0.061233665,-0.004357263,9.49E-08,0.643986271,-5.43E-06
1,0.113979,0.019841328,-0.037476301,-0.000160033,2,0.19166419,-0.000427393,-3.90E-06,0.039552358,0.963257206,-0.008395775,-0.35922837,-3.48E-07,-0.00026991,0.004590511,-0.015650746,-0.000259258,0.03379423,0.359176289,0.748771001,0.308211636,0.459339513,-0.000692378,0.003514009,0.009687229,-2.72E-05,0.023013736,-0.007225746,-0.286901646,-0.040936042,-0.000124789,0.744032725,-0.000384892,0.857499099,-0.171215421,-0.000205512,0.205688844,-0.000623667,-0.037156038,-5.24E-08,-0.238027726,0.405361361,0.045649214,-0.171203013,-0.000668157,-9.09E-11,0.190142567,-0.004611998,-0.211014424,0.03232211,-0.005290527,0.001038167,0.026930563,0.383216029,0.23555106,-1.04E-05,0.00887241,0.024432511,0.058802549,0.014546341,-0.137870717,-0.001163711,0.680570983
1,0.104211378,0.326055735,-0.002436304,-1.34E-07,0.19166419,2,-0.000721175,-0.005494507,0.224703858,0.229350868,-7.52E-05,-0.0574445,-3.07E-05,-0.051646807,0.325785394,-0.263022999,-0.011473761,0.628960245,0.550065384,0.256064595,0.765246737,0.123044397,-0.003577073,0.013143789,0.088320204,-4.61E-05,0.075901863,-0.0006249,-0.008721075,-0.000484512,-0.033499395,0.039069508,-0.001431368,0.3807417,-0.001225832,-0.055342457,0.008122673,-1.74E-05,-0.000223174,-5.22E-11,-0.002304999,0.723754275,0.580500875,-0.002469612,-0.000707604,-4.08E-09,0.816122763,-5.73E-05,-0.003971764,0.297661939,-0.231370151,0.07077088,0.681908911,0.010485774,0.731906517,-1.11E-05,0.440486589,0.348957195,0.003051945,0.004869199,-0.0212672,-5.27E-06,0.629586709
-1,-1.10E-07,-9.74E-07,0.090854653,3.30E-14,-0.000427393,-0.000721175,2,1.60E-08,-2.41E-07,-0.000188495,2.84E-11,0.028902353,8.74E-16,5.39E-08,-1.95E-05,0.035724581,1.32E-10,-0.003519026,-0.01524052,-3.51E-05,-0.006934439,-0.025083564,8.76E-12,-1.73E-10,-1.46E-08,2.99E-15,-1.34E-08,0.21379511,0.003457847,1.48E-09,2.76E-08,-4.57E-05,0.901144812,-0.002011748,1.24E-06,2.10E-07,-9.19E-08,7.19E-14,2.56E-09,0.000104925,6.80E-05,-9.69E-05,-9.76E-06,1.34E-07,8.01E-13,1.60E-22,-5.95E-05,5.79E-12,0.001885672,-5.78E-07,0.008752208,-2.33E-08,-0.000195105,-1.68E-06,-3.97E-05,3.06E-16,-4.40E-05,-1.16E-06,-2.13E-09,-1.73E-10,0.088482544,4.62E-13,-0.001387975
-1,-0.000184787,-0.046016993,7.26E-10,4.47E-15,-3.90E-06,-0.005494507,1.60E-08,2,-0.007473241,-8.53E-06,1.02E-10,2.19E-07,0.001239672,0.493033836,-0.224413599,0.002484374,0.032922713,-0.015812435,-0.000165887,-2.69E-05,-0.000667589,-1.35E-06,0.000482995,-0.000687095,-0.010121058,2.62E-06,-0.001668685,1.67E-10,2.45E-09,6.05E-10,0.585553744,-1.17E-07,1.38E-07,-2.40E-05,1.55E-10,0.658386474,-5.03E-08,4.69E-10,6.67E-11,1.16E-21,2.00E-10,-0.001091045,-0.034895271,2.03E-09,9.11E-06,2.99E-07,-0.00588398,1.85E-10,4.92E-10,-0.018488692,0.014092585,-0.172750785,-0.060106577,-1.83E-08,-0.003386599,3.72E-07,-0.14995432,-0.038223383,-5.98E-08,-4.08E-06,4.45E-08,3.48E-12,-0.000161221
1,0.59472601,0.787340427,-6.59E-06,-3.73E-06,0.039552358,0.224703858,-2.41E-07,-0.007473241,2,0.072823306,-0.001263708,-0.001002293,-0.012157773,-0.146481166,0.163238866,-0.00454671,-0.313904361,0.046566176,0.027082187,0.176876734,0.059141042,0.003040492,-0.264874944,0.468177645,0.871954861,-0.021017063,0.831197906,-5.87E-07,-0.000211222,-0.003002462,-0.101374491,0.012863961,-6.20E-07,0.047297737,-0.000559841,-0.082944006,0.023476897,-0.002018909,-0.000820839,-1.62E-15,-0.000214531,0.406548763,0.654638425,-0.003967229,-0.092053798,-3.66E-05,0.54021942,-0.001692927,-9.43E-05,0.94575905,-0.006352284,0.391292956,0.190518714,0.009383438,0.579446384,-0.007983373,0.182873947,0.816126538,0.030698337,0.15074666,-0.000141001,-0.000189908,0.106189255
1,0.194152103,0.035761396,-0.018201223,-0.000221518,0.963257206,0.229350868,-0.000188495,-8.53E-06,0.072823306,2,-0.012522383,-0.240605123,-1.44E-06,-0.00057957,0.007239932,-0.013970258,-0.000702291,0.037351651,0.32083664,0.888114925,0.302513977,0.333810122,-0.001892109,0.008480235,0.020575822,-8.99E-05,0.046578838,-0.00307208,-0.181665974,-0.053888681,-0.00027618,0.706971796,-0.000184991,0.809417747,-0.15064925,-0.000411564,0.261712787,-0.001314362,-0.043537809,-1.04E-08,-0.170102576,0.517193624,0.072650699,-0.188214954,-0.001793508,-5.63E-10,0.262219494,-0.007607777,-0.129335256,0.05844442,-0.005352468,0.002299821,0.036661803,0.403275173,0.326629401,-3.58E-05,0.013324596,0.043456677,0.090900931,0.029628011,-0.080266681,-0.001854976,0.702271105
-1,-0.030867973,-9.08E-05,1.34E-06,0.404012058,-0.008395775,-7.52E-05,2.84E-11,1.02E-10,-0.001263708,-0.012522383,2,8.81E-05,6.62E-07,1.47E-07,-4.83E-07,4.23E-08,1.74E-05,-7.34E-07,-4.72E-05,-0.022032419,-4.99E-05,-0.000115452,0.001649548,-0.003813052,-0.000648133,0.002911657,-0.004802252,4.00E-08,0.000572212,0.834691345,5.40E-08,-0.043970765,1.76E-11,-0.001493319,0.113244224,3.09E-08,-0.417051559,0.448614259,0.666639186,1.30E-13,0.010805561,-0.001772898,-8.54E-05,0.380189945,0.017133552,3.60E-08,-0.000456117,0.934277605,0.0006489,-0.000390636,1.14E-08,-4.17E-06,-3.19E-06,-0.190582761,-0.00100983,0.003465614,-9.94E-07,-0.000122036,-0.595125725,-0.131533115,8.20E-06,0.841576176,-0.000923188
-1,-0.002500248,-0.000804176,0.501518201,1.20E-06,-0.35922837,-0.0574445,0.028902353,2.19E-07,-0.001002293,-0.240605123,8.81E-05,2,1.97E-10,8.82E-06,-0.000649754,0.037560746,1.37E-06,-0.024293438,-0.393309684,-0.097205599,-0.228780526,-0.942660103,1.72E-06,-1.62E-05,-0.000125074,1.56E-08,-0.0002822,0.22954204,0.643928335,0.000970494,3.82E-06,-0.189729105,0.020454782,-0.455540586,0.035617838,1.12E-05,-0.008795912,1.28E-06,0.001386809,3.23E-05,0.182489625,-0.059065313,-0.003501152,0.01230388,1.10E-06,3.99E-15,-0.023490019,3.00E-05,0.489259237,-0.001064675,0.008389508,-2.02E-05,-0.006394074,-0.043715635,-0.02537153,4.19E-09,-0.001484655,-0.001021564,-0.000889032,-8.16E-05,0.854878348,6.65E-06,-0.273982504
-1,-0.002457955,-0.008981059,4.02E-14,6.33E-10,-3.48E-07,-3.07E-05,8.74E-16,0.001239672,-0.012157773,-1.44E-06,6.62E-07,1.97E-10,2,0.014825465,-0.000578223,3.52E-08,0.28559196,-3.37E-06,-1.48E-07,-1.47E-05,-9.24E-07,-1.50E-09,0.191978992,-0.088903204,-0.050171706,0.09298847,-0.024915761,9.38E-16,1.81E-11,4.48E-07,0.014768187,-8.10E-08,6.18E-15,-3.81E-07,1.18E-09,0.004279795,-2.94E-06,4.54E-05,3.30E-08,4.86E-28,5.45E-11,-9.22E-05,-0.001973983,9.38E-08,0.043786938,0.179096265,-0.000313055,2.65E-06,5.36E-12,-0.010236947,2.08E-07,-0.046974932,-0.000125603,-1.55E-07,-0.000338857,0.047869376,-0.00036945,-0.007945152,-3.03E-05,-0.003436717,6.42E-12,1.79E-07,-2.41E-06
-1,-0.011812148,-0.401110534,3.11E-08,3.13E-11,-0.00026991,-0.051646807,5.39E-08,0.493033836,-0.146481166,-0.00057957,1.47E-07,8.82E-06,0.014825465,2,-0.528510087,0.005811131,0.296956785,-0.050985316,-0.002210802,-0.001800519,-0.007457452,-4.36E-05,0.021050035,-0.030081672,-0.183289157,0.000364684,-0.057818441,4.55E-09,2.97E-07,5.63E-07,0.982285486,-2.02E-05,3.08E-07,-0.000868832,9.84E-08,0.91599846,-1.83E-05,5.58E-07,8.20E-08,1.98E-19,6.95E-08,-0.02514674,-0.291089568,1.17E-06,0.001213456,1.23E-05,-0.082844702,2.52E-07,7.97E-08,-0.246823364,0.020754445,-0.785098833,-0.227850683,-6.12E-06,-0.060898321,7.76E-05,-0.418108593,-0.359956421,-2.56E-05,-0.000752527,1.42E-06,9.27E-09,-0.00404489
1,0.019230854,0.468405425,-8.60E-06,-1.51E-10,0.004590511,0.325785394,-1.95E-05,-0.224413599,0.163238866,0.007239932,-4.83E-07,-0.000649754,-0.000578223,-0.528510087,2,-0.113961186,-0.06513144,0.422350184,0.047185474,0.012999432,0.107117793,0.002271738,-0.004820423,0.011484126,0.113099964,-4.05E-05,0.04494417,-2.13E-06,-2.91E-05,-3.02E-06,-0.454156742,0.000380595,-7.67E-05,0.01554549,-2.72E-06,-0.632636421,0.000108051,-4.39E-07,-7.20E-07,-2.32E-15,-4.37E-06,0.127507198,0.565521892,-1.29E-05,-0.000316394,-9.75E-08,0.297697893,-5.46E-07,-9.06E-06,0.290608664,-0.237706201,0.380168775,0.808291384,7.84E-05,0.216603074,-7.59E-06,0.975620927,0.445599038,6.84E-05,0.000619987,-0.000184281,-2.39E-08,0.049266939
-1,-0.000853914,-0.016747484,0.00574016,1.98E-11,-0.015650746,-0.263022999,0.035724581,0.002484374,-0.00454671,-0.013970258,4.23E-08,0.037560746,3.52E-08,0.005811131,-0.113961186,2,0.000103623,-0.701257136,-0.341544798,-0.00909228,-0.38505561,-0.072184548,6.05E-06,-3.72E-05,-0.001067865,1.05E-08,-0.000571902,0.004113105,0.002294878,7.19E-07,0.004046862,-0.001305244,0.076180549,-0.066324607,1.46E-05,0.012332721,-3.69E-05,2.81E-09,4.04E-07,1.24E-09,0.000122284,-0.057306495,-0.052496908,1.28E-05,4.04E-07,2.40E-13,-0.077939904,2.23E-08,0.00088783,-0.009683872,0.843190652,-0.003021336,-0.268961878,-0.000114878,-0.0529699,1.44E-09,-0.15862596,-0.017481334,-5.19E-06,-6.28E-06,0.031826856,1.18E-09,-0.110813384
-1,-0.071466669,-0.327821457,1.73E-09,1.65E-08,-0.000259258,-0.011473761,1.32E-10,0.032922713,-0.313904361,-0.000702291,1.74E-05,1.37E-06,0.28559196,0.296956785,-0.06513144,0.000103623,2,-0.002666868,-0.000268232,-0.003362676,-0.00102474,-6.97E-06,0.413445751,-0.389912622,-0.583819726,0.048879918,-0.319482044,9.83E-11,1.28E-07,2.72E-05,0.26217545,-5.07E-05,6.41E-10,-0.000382193,8.00E-07,0.14188809,-0.00028104,0.000173547,3.62E-06,2.42E-21,1.44E-07,-0.018624302,-0.148794793,1.82E-05,0.076716199,0.003610391,-0.046402432,3.97E-05,4.22E-08,-0.326028518,0.000339745,-0.629586626,-0.028821894,-4.50E-05,-0.045486887,0.018316724,-0.052578104,-0.306271256,-0.00090619,-0.026761443,1.06E-07,2.72E-06,-0.001604049
1,0.009545416,0.129889425,-0.001474584,-4.21E-10,0.03379423,0.628960245,-0.003519026,-0.015812435,0.046566176,0.037351651,-7.34E-07,-0.024293438,-3.37E-06,-0.050985316,0.422350184,-0.701257136,-0.002666868,2,0.38145902,0.035721462,0.540339527,0.055828817,-0.000243176,0.001041089,0.016257646,-1.00E-06,0.008988115,-0.000634818,-0.001688863,-7.73E-06,-0.036872372,0.003454816,-0.008638659,0.113608319,-4.35E-05,-0.079829012,0.000279276,-1.27E-07,-3.33E-06,-3.36E-11,-0.000169669,0.209859486,0.279767001,-7.15E-05,-2.07E-05,-1.04E-10,0.314172131,-5.13E-07,-0.000641414,0.084929786,-0.753700594,0.035994925,0.736110822,0.000488751,0.231577115,-1.69E-07,0.532963672,0.133144722,7.25E-05,0.00015694,-0.012845701,-2.93E-08,0.223259346
1,0.021346048,0.036428606,-0.058269486,-1.52E-07,0.359176289,0.550065384,-0.01524052,-0.000165887,0.027082187,0.32083664,-4.72E-05,-0.393309684,-1.48E-07,-0.002210802,0.047185474,-0.341544798,-0.000268232,0.38145902,2,0.213617394,0.934687179,0.58884624,-0.000109894,0.00065276,0.00604156,-8.53E-07,0.007096972,-0.022855446,-0.091905921,-0.000451907,-0.001229857,0.092236217,-0.020027817,0.680051692,-0.005019178,-0.002880259,0.007195365,-2.78E-06,-0.000344171,-5.16E-08,-0.018710449,0.370298198,0.103893049,-0.004204567,-2.90E-05,-5.29E-12,0.281036681,-2.41E-05,-0.05019036,0.03569172,-0.169393191,0.003143829,0.191118595,0.018998101,0.258809825,-1.94E-07,0.07963065,0.041654215,0.001316981,0.000615545,-0.238876139,-2.89E-06,0.742366904
1,0.416548394,0.082788319,-0.004149151,-0.00034792,0.748771001,0.256064595,-3.51E-05,-2.69E-05,0.176876734,0.888114925,-0.022032419,-0.097205599,-1.47E-05,-0.001800519,0.012999432,-0.00909228,-0.003362676,0.035721462,0.213617394,2,0.237737837,0.155542413,-0.00938367,0.033697497,0.064411762,-0.000634372,0.134871533,-0.000549327,-0.06731055,-0.075486273,-0.000903373,0.542426496,-3.99E-05,0.602022824,-0.102420635,-0.001123865,0.341052543,-0.004272999,-0.049728071,-4.88E-10,-0.079221481,0.654583756,0.134656599,-0.190096353,-0.008734914,-1.20E-08,0.378915121,-0.016007993,-0.045380672,0.136798144,-0.004330043,0.007628721,0.050937306,0.374239794,0.478074917,-0.000270593,0.021970937,0.098348126,0.167946702,0.088573709,-0.025185937,-0.003702456,0.609460992
1,0.037271542,0.084594956,-0.02267358,-1.24E-07,0.308211636,0.765246737,-0.006934439,-0.000667589,0.059141042,0.302513977,-4.99E-05,-0.228780526,-9.24E-07,-0.007457452,0.107117793,-0.38505561,-0.00102474,0.540339527,0.934687179,0.237737837,2,0.387981989,-0.000357878,0.001823192,0.015865948,-3.09E-06,0.016371836,-0.007929184,-0.044283244,-0.000429957,-0.004395195,0.070494615,-0.010594923,0.610478041,-0.003030343,-0.00928769,0.007266116,-4.60E-06,-0.000275355,-5.74E-09,-0.009335082,0.505900669,0.207987116,-0.003374292,-8.17E-05,-4.75E-11,0.445674497,-2.91E-05,-0.022521205,0.079461284,-0.234241517,0.010098232,0.343809987,0.015326483,0.402412869,-7.03E-07,0.167119175,0.094371873,0.00166081,0.001194169,-0.119916609,-3.10E-06,0.77388329
1,0.005894779,0.002680447,-0.334157481,-1.15E-06,0.459339513,0.123044397,-0.025083564,-1.35E-06,0.003040492,0.333810122,-0.000115452,-0.942660103,-1.50E-09,-4.36E-05,0.002271738,-0.072184548,-6.97E-06,0.055828817,0.58884624,0.155542413,0.387981989,2,-7.06E-06,5.82E-05,0.000446083,-6.62E-08,0.000871325,-0.141903721,-0.488280415,-0.001186232,-2.00E-05,0.209645904,-0.020629563,0.625861767,-0.030084538,-5.46E-05,0.011871226,-2.48E-06,-0.001440899,-6.87E-06,-0.135057936,0.118963009,0.010301687,-0.013323399,-3.77E-06,-3.90E-14,0.055123601,-4.41E-05,-0.343953366,0.003348888,-0.019662447,9.20E-05,0.017878717,0.048900761,0.057812256,-1.74E-08,0.004811622,0.003320689,0.001439052,0.000199361,-0.718988522,-8.55E-06,0.435940275
-1,-0.219444113,-0.110738774,2.05E-09,8.92E-06,-0.000692378,-0.003577073,8.76E-12,0.000482995,-0.264874944,-0.001892109,0.001649548,1.72E-06,0.191978992,0.021050035,-0.004820423,6.05E-06,0.413445751,-0.000243176,-0.000109894,-0.00938367,-0.000357878,-7.06E-06,2,-0.901675215,-0.477546225,0.467765035,-0.529803642,6.64E-11,5.40E-07,0.001507949,0.015210804,-0.00037476,2.76E-11,-0.000490634,2.47E-05,0.006413765,-0.005387391,0.015322297,0.000261285,9.34E-21,2.08E-06,-0.01625688,-0.045516188,0.000551878,0.643203711,0.011380371,-0.024072765,0.00369812,2.43E-07,-0.177694708,1.24E-05,-0.111477941,-0.00342517,-0.000726622,-0.031098401,0.279536554,-0.00460909,-0.112209698,-0.022509911,-0.28910941,9.75E-08,0.000527809,-0.001413683
1,0.431615972,0.205988329,-3.29E-08,-2.27E-05,0.003514009,0.013143789,-1.73E-10,-0.000687095,0.468177645,0.008480235,-0.003813052,-1.62E-05,-0.088903204,-0.030081672,0.011484126,-3.72E-05,-0.389912622,0.001041089,0.00065276,0.033697497,0.001823192,5.82E-05,-0.901675215,2,0.6663163,-0.300540009,0.791173477,-1.34E-09,-5.46E-06,-0.004327486,-0.02074534,0.0019119,-4.76E-10,0.002607829,-0.000139578,-0.010369371,0.016659447,-0.019986042,-0.000905428,-6.48E-19,-1.68E-05,0.052766689,0.104250532,-0.002157734,-0.584836805,-0.002630492,0.069295556,-0.007235354,-2.58E-06,0.326084654,-6.26E-05,0.148921411,0.010331485,0.003087698,0.088288691,-0.167867519,0.011874934,0.21306608,0.05017303,0.413708479,-1.16E-06,-0.00107932,0.00652377
1,0.43153376,0.675688956,-4.46E-07,-1.58E-06,0.009687229,0.088320204,-1.46E-08,-0.010121058,0.871954861,0.020575822,-0.000648133,-0.000125074,-0.050171706,-0.183289157,0.113099964,-0.001067865,-0.583819726,0.016257646,0.00604156,0.064411762,0.015865948,0.000446083,-0.477546225,0.6663163,2,-0.052500989,0.852751231,-3.13E-08,-2.29E-05,-0.001230568,-0.135126299,0.002985867,-4.49E-08,0.011367517,-0.000107921,-0.091946583,0.009279743,-0.002009053,-0.000267383,-1.92E-17,-2.84E-05,0.17566368,0.444064181,-0.001171267,-0.155061538,-0.000313128,0.274687422,-0.001053128,-9.53E-06,0.806131902,-0.001919681,0.5069436,0.098361482,0.002591988,0.295522021,-0.021091149,0.114855082,0.681369089,0.017482999,0.148780063,-1.36E-05,-0.000108465,0.030570867
-1,-0.038732376,-0.004134813,8.07E-12,4.99E-05,-2.72E-05,-4.61E-05,2.99E-15,2.62E-06,-0.021017063,-8.99E-05,0.002911657,1.56E-08,0.09298847,0.000364684,-4.05E-05,1.05E-08,0.048879918,-1.00E-06,-8.53E-07,-0.000634372,-3.09E-06,-6.62E-08,0.467765035,-0.300540009,-0.052500989,2,-0.088958405,1.23E-13,1.08E-08,0.001301454,0.00024338,-3.11E-05,8.36E-15,-1.05E-05,5.06E-06,6.64E-05,-0.00189433,0.059760975,0.000207497,1.01E-23,1.43E-07,-0.000539237,-0.00116138,0.000192564,0.746624188,0.048329319,-0.000648318,0.008246496,5.68E-09,-0.009649087,2.06E-08,-0.004204517,-2.89E-05,-0.000140764,-0.001048835,0.933145096,-3.92E-05,-0.004316364,-0.01555157,-0.207317622,4.92E-10,0.001901219,-2.81E-05
1,0.731085928,0.451776995,-1.22E-06,-2.50E-05,0.023013736,0.075901863,-1.34E-08,-0.001668685,0.831197906,0.046578838,-0.004802252,-0.0002822,-0.024915761,-0.057818441,0.04494417,-0.000571902,-0.319482044,0.008988115,0.007096972,0.134871533,0.016371836,0.000871325,-0.529803642,0.791173477,0.852751231,-0.088958405,2,-7.51E-08,-8.76E-05,-0.008011816,-0.03850172,0.010798558,-3.27E-08,0.020378224,-0.000732605,-0.025384794,0.040282489,-0.011392207,-0.002098399,-1.58E-16,-0.000163662,0.21879484,0.310902647,-0.006764341,-0.287635824,-0.000219516,0.262808464,-0.007228477,-4.22E-05,0.652305528,-0.00078071,0.226440713,0.052389283,0.011974713,0.314854837,-0.042084533,0.050551832,0.475084539,0.073638953,0.37003979,-2.97E-05,-0.00102561,0.044271624
-1,-1.54E-06,-7.20E-07,0.816756623,4.85E-10,-0.007225746,-0.0006249,0.21379511,1.67E-10,-5.87E-07,-0.00307208,4.00E-08,0.22954204,9.38E-16,4.55E-09,-2.13E-06,0.004113105,9.83E-11,-0.000634818,-0.022855446,-0.000549327,-0.007929184,-0.141903721,6.64E-11,-1.34E-09,-3.13E-08,1.23E-13,-7.51E-08,2,0.140303192,1.11E-06,1.75E-09,-0.002982439,0.103484015,-0.013120376,0.000561071,1.02E-08,-1.75E-05,7.38E-11,2.95E-06,0.007968762,0.01288665,-0.000312892,-6.86E-06,5.09E-05,3.16E-11,1.02E-21,-9.21E-05,7.47E-09,0.117405856,-8.01E-07,0.000501978,-6.43E-09,-4.36E-05,-0.000288286,-8.80E-05,2.28E-14,-6.18E-06,-9.66E-07,-5.01E-07,-1.14E-08,0.506378849,1.60E-09,-0.005206075
-1,-0.001368808,-9.18E-05,0.403876745,2.74E-05,-0.286901646,-0.008721075,0.003457847,2.45E-09,-0.000211222,-0.181665974,0.000572212,0.643928335,1.81E-11,2.97E-07,-2.91E-05,0.002294878,1.28E-07,-0.001688863,-0.091905921,-0.06731055,-0.044283244,-0.488280415,5.40E-07,-5.46E-06,-2.29E-05,1.08E-08,-8.76E-05,0.140303192,2,0.004836152,1.09E-07,-0.309071328,0.001694793,-0.223354892,0.165522727,2.94E-07,-0.021677372,5.93E-06,0.009127373,0.000123524,0.597407077,-0.017282353,-0.000413923,0.046908523,8.25E-07,7.61E-16,-0.00450171,0.000177292,0.965820459,-0.000168536,0.000334722,-1.25E-06,-0.000448676,-0.1121169,-0.005853998,3.87E-09,-7.79E-05,-0.00012469,-0.00222799,-9.16E-05,0.49709222,6.71E-05,-0.096268492
-1,-0.056927298,-0.000292502,2.54E-05,0.228021749,-0.040936042,-0.000484512,1.48E-09,6.05E-10,-0.003002462,-0.053888681,0.834691345,0.000970494,4.48E-07,5.63E-07,-3.02E-06,7.19E-07,2.72E-05,-7.73E-06,-0.000451907,-0.075486273,-0.000429957,-0.001186232,0.001507949,-0.004327486,-0.001230568,0.001301454,-0.008011816,1.11E-06,0.004836152,2,2.09E-07,-0.162445613,9.02E-10,-0.009338146,0.311446739,1.51E-07,-0.722323889,0.217338218,0.893842422,7.51E-12,0.052202653,-0.007592043,-0.000346884,0.730770749,0.011183843,7.99E-09,-0.002005062,0.664824451,0.005280817,-0.001087257,1.81E-07,-1.16E-05,-2.21E-05,-0.473368949,-0.004056083,0.00127323,-6.42E-06,-0.000392219,-0.694854127,-0.125072816,0.000124587,0.51003955,-0.005575694
-1,-0.006817068,-0.30581747,1.19E-08,9.12E-12,-0.000124789,-0.033499395,2.76E-08,0.585553744,-0.101374491,-0.00027618,5.40E-08,3.82E-06,0.014768187,0.982285486,-0.454156742,0.004046862,0.26217545,-0.036872372,-0.001229857,-0.000903373,-0.004395195,-2.00E-05,0.015210804,-0.02074534,-0.135126299,0.00024338,-0.03850172,1.75E-09,1.09E-07,2.09E-07,2,-8.26E-06,1.72E-07,-0.000433471,3.30E-08,0.920572746,-7.58E-06,2.39E-07,2.81E-08,4.53E-20,2.34E-08,-0.014875158,-0.213133363,4.33E-07,0.000753932,1.21E-05,-0.053756837,9.68E-08,2.79E-08,-0.178310388,0.016073324,-0.702910088,-0.17433556,-2.39E-06,-0.03836428,4.98E-05,-0.345207395,-0.270379955,-1.12E-05,-0.000404664,6.03E-07,3.22E-09,-0.002187456
1,0.079701009,0.003823601,-0.020683234,-0.002336681,0.744032725,0.039069508,-4.57E-05,-1.17E-07,0.012863961,0.706971796,-0.043970765,-0.189729105,-8.10E-08,-2.02E-05,0.000380595,-0.001305244,-5.07E-05,0.003454816,0.092236217,0.542426496,0.070494615,0.209645904,-0.00037476,0.0019119,0.002985867,-3.11E-05,0.010798558,-0.002982439,-0.309071328,-0.162445613,-8.26E-06,2,-3.14E-05,0.42004369,-0.535346965,-1.21E-05,0.445576138,-0.002876711,-0.176739806,-7.15E-08,-0.505664092,0.147368541,0.0085699,-0.50085244,-0.00074479,-4.67E-11,0.05019762,-0.023325042,-0.273943187,0.008204227,-0.000326442,0.000130839,0.003045221,0.788600062,0.072831465,-1.55E-05,0.00082115,0.004950797,0.140910849,0.020113615,-0.06279573,-0.009075922,0.26237162
-1,-1.87E-07,-3.07E-06,0.04473544,1.21E-14,-0.000384892,-0.001431368,0.901144812,1.38E-07,-6.20E-07,-0.000184991,1.76E-11,0.020454782,6.18E-15,3.08E-07,-7.67E-05,0.076180549,6.41E-10,-0.008638659,-0.020027817,-3.99E-05,-0.010594923,-0.020629563,2.76E-11,-4.76E-10,-4.49E-08,8.36E-15,-3.27E-08,0.103484015,0.001694793,9.02E-10,1.72E-07,-3.14E-05,2,-0.002122893,5.48E-07,1.23E-06,-7.03E-08,6.81E-14,1.28E-09,1.34E-05,2.83E-05,-0.000160456,-2.72E-05,7.68E-08,1.81E-12,1.24E-21,-0.000122984,4.06E-12,0.000823618,-1.62E-06,0.024298719,-1.10E-07,-0.000573091,-1.07E-06,-7.70E-05,7.97E-16,-0.00015643,-3.54E-06,-1.92E-09,-2.66E-10,0.05745486,2.59E-13,-0.001786362
1,0.0812804,0.034811996,-0.052392208,-1.41E-05,0.857499099,0.3807417,-0.002011748,-2.40E-05,0.047297737,0.809417747,-0.001493319,-0.455540586,-3.81E-07,-0.000868832,0.01554549,-0.066324607,-0.000382193,0.113608319,0.680051692,0.602022824,0.610478041,0.625861767,-0.000490634,0.002607829,0.011367517,-1.05E-05,0.020378224,-0.013120376,-0.223354892,-0.009338146,-0.000433471,0.42004369,-0.002122893,2,-0.054457046,-0.000809274,0.073377006,-0.00010575,-0.007800372,-5.48E-08,-0.108544554,0.518579016,0.085785986,-0.052226674,-0.000284272,-4.81E-11,0.296487812,-0.000807768,-0.145621719,0.04649665,-0.026455336,0.002272715,0.077468784,0.153058831,0.327271034,-3.28E-06,0.028320672,0.04157394,0.018047278,0.005925313,-0.205642174,-0.000151531,0.909072377
-1,-0.01083667,-8.09E-05,0.005290529,0.027056665,-0.171215421,-0.001225832,1.24E-06,1.55E-10,-0.000559841,-0.15064925,0.113244224,0.035617838,1.18E-09,9.84E-08,-2.72E-06,1.46E-05,8.00E-07,-4.35E-05,-0.005019178,-0.102420635,-0.003030343,-0.030084538,2.47E-05,-0.000139578,-0.000107921,5.06E-06,-0.000732605,0.000561071,0.165522727,0.311446739,3.30E-08,-0.535346965,5.48E-07,-0.054457046,2,4.41E-08,-0.373494113,0.004747208,0.478505243,1.31E-07,0.64277688,-0.009950814,-0.000192243,0.717638637,0.000137732,1.52E-12,-0.00203334,0.052920462,0.195696038,-0.000255247,2.16E-06,-1.30E-06,-3.77E-05,-0.711589426,-0.003670979,3.54E-06,-7.11E-06,-0.000113543,-0.117232769,-0.006232912,0.010656939,0.038938919,-0.022658636
-1,-0.005193333,-0.291133755,5.38E-08,4.55E-12,-0.000205512,-0.055342457,2.10E-07,0.658386474,-0.082944006,-0.000411564,3.09E-08,1.12E-05,0.004279795,0.91599846,-0.632636421,0.012332721,0.14188809,-0.079829012,-0.002880259,-0.001123865,-0.00928769,-5.46E-05,0.006413765,-0.010369371,-0.091946583,6.64E-05,-0.025384794,1.02E-08,2.94E-07,1.51E-07,0.920572746,-1.21E-05,1.23E-06,-0.000809274,4.41E-08,2,-6.63E-06,8.74E-08,2.29E-08,5.71E-19,4.54E-08,-0.019656052,-0.242315924,4.32E-07,0.000275309,1.68E-06,-0.068762321,4.86E-08,7.53E-08,-0.158478491,0.044222134,-0.556070487,-0.276656795,-2.74E-06,-0.046940606,1.22E-05,-0.50138974,-0.259088169,-7.29E-06,-0.000205548,2.23E-06,1.53E-09,-0.003819716
1,0.211344768,0.0039931,-0.000270178,-0.041217133,0.205688844,0.008122673,-9.19E-08,-5.03E-08,0.023476897,0.261712787,-0.417051559,-0.008795912,-2.94E-06,-1.83E-05,0.000108051,-3.69E-05,-0.00028104,0.000279276,0.007195365,0.341052543,0.007266116,0.011871226,-0.005387391,0.016659447,0.009279743,-0.00189433,0.040282489,-1.75E-05,-0.021677372,-0.722323889,-7.58E-06,0.445576138,-7.03E-08,0.073377006,-0.373494113,-6.63E-06,2,-0.099175524,-0.57651713,-5.55E-11,-0.106928327,0.066968597,0.005271802,-0.813592033,-0.019087889,-1.78E-08,0.023453291,-0.322817685,-0.019914346,0.011126688,-1.17E-05,0.00021551,0.000628786,0.781128769,0.0401211,-0.001381565,0.000210976,0.005125902,0.764160459,0.20386243,-0.001441253,-0.161463067,0.0530527
-1,-0.031737431,-0.000139222,4.41E-09,0.115035884,-0.000623667,-1.74E-05,7.19E-14,4.69E-10,-0.002018909,-0.001314362,0.448614259,1.28E-06,4.54E-05,5.58E-07,-4.39E-07,2.81E-09,0.000173547,-1.27E-07,-2.78E-06,-0.004272999,-4.60E-06,-2.48E-06,0.015322297,-0.019986042,-0.002009053,0.059760975,-0.011392207,7.38E-11,5.93E-06,0.217338218,2.39E-07,-0.002876711,6.81E-14,-0.00010575,0.004747208,8.74E-08,-0.099175524,2,0.099661374,6.31E-18,0.000181529,-0.000518284,-7.41E-05,0.044692194,0.13551223,1.44E-05,-0.000197393,0.668506632,5.68E-06,-0.000589957,1.39E-09,-1.73E-05,-1.43E-06,-0.019037935,-0.000440569,0.081559062,-7.13E-07,-0.00017509,-0.342630067,-0.285670052,6.34E-08,0.490801444,-0.000101066
-1,-0.021541071,-7.16E-05,5.95E-05,0.269233361,-0.037156038,-0.000223174,2.56E-09,6.67E-11,-0.000820839,-0.043537809,0.666639186,0.001386809,3.30E-08,8.20E-08,-7.20E-07,4.04E-07,3.62E-06,-3.33E-06,-0.000344171,-0.049728071,-0.000275355,-0.001440899,0.000261285,-0.000905428,-0.000267383,0.000207497,-0.002098399,2.95E-06,0.009127373,0.893842422,2.81E-08,-0.176739806,1.28E-09,-0.007800372,0.478505243,2.29E-08,-0.57651713,0.099661374,2,8.67E-11,0.098758185,-0.003715693,-0.000101716,0.788590282,0.002422518,3.99E-10,-0.000800235,0.451968858,0.011011265,-0.000285552,7.75E-08,-1.86E-06,-7.14E-06,-0.4958344,-0.001675919,0.000206423,-1.69E-06,-9.93E-05,-0.425212243,-0.043521439,0.000211178,0.410680454,-0.003816392
-1,-3.63E-14,-9.60E-16,0.002954437,2.07E-14,-5.24E-08,-5.22E-11,0.000104925,1.16E-21,-1.62E-15,-1.04E-08,1.30E-13,3.23E-05,4.86E-28,1.98E-19,-2.32E-15,1.24E-09,2.42E-21,-3.36E-11,-5.16E-08,-4.88E-10,-5.74E-09,-6.87E-06,9.34E-21,-6.48E-19,-1.92E-17,1.01E-23,-1.58E-16,0.007968762,0.000123524,7.51E-12,4.53E-20,-7.15E-08,1.34E-05,-5.48E-08,1.31E-07,5.71E-19,-5.55E-11,6.31E-18,8.67E-11,2,1.17E-05,-3.92E-11,-2.97E-14,1.17E-09,1.94E-20,4.11E-35,-3.02E-12,8.43E-15,0.000199171,-1.70E-15,2.56E-11,-5.23E-19,-3.55E-13,-5.43E-09,-3.63E-12,2.11E-24,-1.33E-14,-1.60E-15,-2.81E-13,-1.57E-16,0.000217361,5.53E-15,-5.88E-09
-1,-0.002999092,-4.81E-05,0.066911015,0.001532106,-0.238027726,-0.002304999,6.80E-05,2.00E-10,-0.000214531,-0.170102576,0.010805561,0.182489625,5.45E-11,6.95E-08,-4.37E-06,0.000122284,1.44E-07,-0.000169669,-0.018710449,-0.079221481,-0.009335082,-0.135057936,2.08E-06,-1.68E-05,-2.84E-05,1.43E-07,-0.000163662,0.01288665,0.597407077,0.052202653,2.34E-08,-0.505664092,2.83E-05,-0.108544554,0.64277688,4.54E-08,-0.106928327,0.000181529,0.098758185,1.17E-05,2,-0.010231386,-0.000167294,0.253134818,7.25E-06,1.23E-14,-0.00209976,0.00386281,0.678773803,-0.000123268,1.57E-05,-5.75E-07,-7.45E-05,-0.367325985,-0.00332914,7.47E-08,-1.22E-05,-6.77E-05,-0.017709386,-0.000627263,0.091344999,0.002298019,-0.041416694
1,0.374574229,0.3414517,-0.001874408,-8.15E-06,0.405361361,0.723754275,-9.69E-05,-0.001091045,0.406548763,0.517193624,-0.001772898,-0.059065313,-9.22E-05,-0.02514674,0.127507198,-0.057306495,-0.018624302,0.209859486,0.370298198,0.654583756,0.505900669,0.118963009,-0.01625688,0.052766689,0.17566368,-0.000539237,0.21879484,-0.000312892,-0.017282353,-0.007592043,-0.014875158,0.147368541,-0.000160456,0.518579016,-0.009950814,-0.019656052,0.066968597,-0.000518284,-0.003715693,-3.92E-11,-0.010231386,2,0.520337641,-0.023638845,-0.006511962,-4.12E-08,0.88711389,-0.00144826,-0.009173604,0.412228942,-0.0424507,0.059997423,0.312606673,0.067408223,0.937460314,-0.000175287,0.182948702,0.379039743,0.034086629,0.041742719,-0.016295335,-0.000198434,0.739931644
1,0.217195257,0.899948641,-4.37E-05,-1.08E-07,0.045649214,0.580500875,-9.76E-06,-0.034895271,0.654638425,0.072650699,-8.54E-05,-0.003501152,-0.001973983,-0.291089568,0.565521892,-0.052496908,-0.148794793,0.279767001,0.103893049,0.134656599,0.207987116,0.010301687,-0.045516188,0.104250532,0.444064181,-0.00116138,0.310902647,-6.86E-06,-0.000413923,-0.000346884,-0.213133363,0.0085699,-2.72E-05,0.085785986,-0.000192243,-0.242315924,0.005271802,-7.41E-05,-0.000101716,-2.97E-14,-0.000167294,0.520337641,2,-0.000905765,-0.008104579,-1.16E-06,0.801542922,-9.55E-05,-0.000164989,0.819994303,-0.075477604,0.437159834,0.66604483,0.003316781,0.728040499,-0.000316763,0.631264545,0.913500525,0.004129119,0.019324815,-0.000766838,-7.54E-06,0.201467326
-1,-0.058950216,-0.00055049,0.000702969,0.069579097,-0.171203013,-0.002469612,1.34E-07,2.03E-09,-0.003967229,-0.188214954,0.380189945,0.01230388,9.38E-08,1.17E-06,-1.29E-05,1.28E-05,1.82E-05,-7.15E-05,-0.004204567,-0.190096353,-0.003374292,-0.013323399,0.000551878,-0.002157734,-0.001171267,0.000192564,-0.006764341,5.09E-05,0.046908523,0.730770749,4.33E-07,-0.50085244,7.68E-08,-0.052226674,0.717638637,4.32E-07,-0.813592033,0.044692194,0.788590282,1.17E-09,0.253134818,-0.023638845,-0.000905765,2,0.002828958,3.86E-10,-0.006169972,0.239904445,0.04994343,-0.00173308,2.79E-06,-1.66E-05,-0.00011425,-0.884555116,-0.01124373,0.000148247,-2.91E-05,-0.000741472,-0.452987763,-0.055918026,0.002444898,0.156457252,-0.028604128
-1,-0.194483077,-0.020316619,1.39E-09,0.000324544,-0.000668157,-0.000707604,8.01E-13,9.11E-06,-0.092053798,-0.001793508,0.017133552,1.10E-06,0.043786938,0.001213456,-0.000316394,4.04E-07,0.076716199,-2.07E-05,-2.90E-05,-0.008734914,-8.17E-05,-3.77E-06,0.643203711,-0.584836805,-0.155061538,0.746624188,-0.287635824,3.16E-11,8.25E-07,0.011183843,0.000753932,-0.00074479,1.81E-12,-0.000284272,0.000137732,0.000275309,-0.019087889,0.13551223,0.002422518,1.94E-20,7.25E-06,-0.006511962,-0.008104579,0.002828958,2,0.00678017,-0.006515344,0.036746779,4.66E-07,-0.045636695,5.73E-07,-0.012134563,-0.000329206,-0.002425536,-0.010207704,0.612996746,-0.000346304,-0.021893089,-0.089930011,-0.587447907,5.21E-08,0.008906344,-0.000610461
-1,-1.47E-05,-1.11E-05,1.41E-19,1.02E-10,-9.09E-11,-4.08E-09,1.60E-22,2.99E-07,-3.66E-05,-5.63E-10,3.60E-08,3.99E-15,0.179096265,1.23E-05,-9.75E-08,2.40E-13,0.003610391,-1.04E-10,-5.29E-12,-1.20E-08,-4.75E-11,-3.90E-14,0.011380371,-0.002630492,-0.000313128,0.048329319,-0.000219516,1.02E-21,7.61E-16,7.99E-09,1.21E-05,-4.67E-11,1.24E-21,-4.81E-11,1.52E-12,1.68E-06,-1.78E-08,1.44E-05,3.99E-10,4.11E-35,1.23E-14,-4.12E-08,-1.16E-06,3.86E-10,0.00678017,2,-1.36E-07,2.42E-07,2.47E-16,-1.93E-05,1.85E-12,-9.99E-05,-1.46E-08,-2.97E-10,-1.91E-07,0.044689302,-5.55E-08,-9.82E-06,-6.38E-07,-0.000153539,4.74E-17,2.55E-08,-3.54E-10
1,0.310799165,0.583556392,-0.000537929,-1.15E-06,0.190142567,0.816122763,-5.95E-05,-0.00588398,0.54021942,0.262219494,-0.000456117,-0.023490019,-0.000313055,-0.082844702,0.297697893,-0.077939904,-0.046402432,0.314172131,0.281036681,0.378915121,0.445674497,0.055123601,-0.024072765,0.069295556,0.274687422,-0.000648318,0.262808464,-9.21E-05,-0.00450171,-0.002005062,-0.053756837,0.05019762,-0.000122984,0.296487812,-0.00203334,-0.068762321,0.023453291,-0.000197393,-0.000800235,-3.02E-12,-0.00209976,0.88711389,0.801542922,-0.006169972,-0.006515344,-1.36E-07,2,-0.000417262,-0.002103281,0.612475842,-0.07598499,0.155318801,0.540667115,0.020266846,0.978557681,-0.000190422,0.385203257,0.62327886,0.013613666,0.028777265,-0.006131189,-4.42E-05,0.521101849
-1,-0.036465542,-0.000119973,2.96E-07,0.331814495,-0.004611998,-5.73E-05,5.79E-12,1.85E-10,-0.001692927,-0.007607777,0.934277605,3.00E-05,2.65E-06,2.52E-07,-5.46E-07,2.23E-08,3.97E-05,-5.13E-07,-2.41E-05,-0.016007993,-2.91E-05,-4.41E-05,0.00369812,-0.007235354,-0.001053128,0.008246496,-0.007228477,7.47E-09,0.000177292,0.664824451,9.68E-08,-0.023325042,4.06E-12,-0.000807768,0.052920462,4.86E-08,-0.322817685,0.668506632,0.451968858,8.43E-15,0.00386281,-0.00144826,-9.55E-05,0.239904445,0.036746779,2.42E-07,-0.000417262,2,0.000191464,-0.000514357,7.15E-09,-7.35E-06,-2.94E-06,-0.114544391,-0.000926505,0.010224184,-1.05E-06,-0.000158176,-0.596299683,-0.193697328,2.32E-06,0.8499503,-0.000566503
-1,-0.000795936,-3.52E-05,0.351303323,4.38E-05,-0.211014424,-0.003971764,0.001885672,4.92E-10,-9.43E-05,-0.129335256,0.0006489,0.489259237,5.36E-12,7.97E-08,-9.06E-06,0.00088783,4.22E-08,-0.000641414,-0.05019036,-0.045380672,-0.022521205,-0.343953366,2.43E-07,-2.58E-06,-9.53E-06,5.68E-09,-4.22E-05,0.117405856,0.965820459,0.005280817,2.79E-08,-0.273943187,0.000823618,-0.145621719,0.195696038,7.53E-08,-0.019914346,5.68E-06,0.011011265,0.000199171,0.678773803,-0.009173604,-0.000164989,0.04994343,4.66E-07,2.47E-16,-0.002103281,0.000191464,2,-7.02E-05,0.000112595,-3.88E-07,-0.000162416,-0.10894904,-0.002864975,2.18E-09,-2.55E-05,-4.88E-05,-0.001961059,-6.14E-05,0.380601084,8.38E-05,-0.0563836
1,0.415975363,0.93727386,-7.62E-06,-7.63E-07,0.03232211,0.297661939,-5.78E-07,-0.018488692,0.94575905,0.05844442,-0.000390636,-0.001064675,-0.010236947,-0.246823364,0.290608664,-0.009683872,-0.326028518,0.084929786,0.03569172,0.136798144,0.079461284,0.003348888,-0.177694708,0.326084654,0.806131902,-0.009649087,0.652305528,-8.01E-07,-0.000168536,-0.001087257,-0.178310388,0.008204227,-1.62E-06,0.04649665,-0.000255247,-0.158478491,0.011126688,-0.000589957,-0.000285552,-1.70E-15,-0.000123268,0.412228942,0.819994303,-0.00173308,-0.045636695,-1.93E-05,0.612475842,-0.000514357,-7.02E-05,2,-0.014781963,0.522725449,0.311415121,0.004829877,0.613045011,-0.003242239,0.315533138,0.954987045,0.013095777,0.074453688,-0.000166847,-4.85E-05,0.112377148
-1,-0.000734279,-0.028972366,0.000754149,2.91E-12,-0.005290527,-0.231370151,0.008752208,0.014092585,-0.006352284,-0.005352468,1.14E-08,0.008389508,2.08E-07,0.020754445,-0.237706201,0.843190652,0.000339745,-0.753700594,-0.169393191,-0.004330043,-0.234241517,-0.019662447,1.24E-05,-6.26E-05,-0.001919681,2.06E-08,-0.00078071,0.000501978,0.000334722,1.81E-07,0.016073324,-0.000326442,0.024298719,-0.026455336,2.16E-06,0.044222134,-1.17E-05,1.39E-09,7.75E-08,2.56E-11,1.57E-05,-0.0424507,-0.075477604,2.79E-06,5.73E-07,1.85E-12,-0.07598499,7.15E-09,0.000112595,-0.014781963,2,-0.008862471,-0.383593088,-2.76E-05,-0.048342277,2.62E-09,-0.290628352,-0.028917995,-2.14E-06,-5.19E-06,0.00610438,2.92E-10,-0.057015919
1,0.059807844,0.662756128,-6.16E-08,-2.13E-09,0.001038167,0.07077088,-2.33E-08,-0.172750785,0.391292956,0.002299821,-4.17E-06,-2.02E-05,-0.046974932,-0.785098833,0.380168775,-0.003021336,-0.629586626,0.035994925,0.003143829,0.007628721,0.010098232,9.20E-05,-0.111477941,0.148921411,0.5069436,-0.004204517,0.226440713,-6.43E-09,-1.25E-06,-1.16E-05,-0.702910088,0.000130839,-1.10E-07,0.002272715,-1.30E-06,-0.556070487,0.00021551,-1.73E-05,-1.86E-06,-5.23E-19,-5.75E-07,0.059997423,0.437159834,-1.66E-05,-0.012134563,-9.99E-05,0.155318801,-7.35E-06,-3.88E-07,0.522725449,-0.008862471,2,0.198636032,6.16E-05,0.131922938,-0.001152758,0.322564799,0.617310561,0.000368825,0.007775587,-2.64E-06,-3.91E-07,0.008993342
1,0.037546966,0.442269777,-0.0001581,-1.89E-09,0.026930563,0.681908911,-0.000195105,-0.060106577,0.190518714,0.036661803,-3.19E-06,-0.006394074,-0.000125603,-0.227850683,0.808291384,-0.268961878,-0.028821894,0.736110822,0.191118595,0.050937306,0.343809987,0.017878717,-0.00342517,0.010331485,0.098361482,-2.89E-05,0.052389283,-4.36E-05,-0.000448676,-2.21E-05,-0.17433556,0.003045221,-0.000573091,0.077468784,-3.77E-05,-0.276656795,0.000628786,-1.43E-06,-7.14E-06,-3.55E-13,-7.45E-05,0.312606673,0.66604483,-0.00011425,-0.000329206,-1.46E-08,0.540667115,-2.94E-06,-0.000162416,0.311415121,-0.383593088,0.198636032,2,0.000635694,0.420127118,-5.73E-06,0.911524383,0.441888403,0.000289798,0.001201562,-0.002197054,-1.69E-07,0.185078815
1,0.092201105,0.001819433,-0.003040362,-0.01963572,0.383216029,0.010485774,-1.68E-06,-1.83E-08,0.009383438,0.403275173,-0.190582761,-0.043715635,-1.55E-07,-6.12E-06,7.84E-05,-0.000114878,-4.50E-05,0.000488751,0.018998101,0.374239794,0.015326483,0.048900761,-0.000726622,0.003087698,0.002591988,-0.000140764,0.011974713,-0.000288286,-0.1121169,-0.473368949,-2.39E-06,0.788600062,-1.07E-06,0.153058831,-0.711589426,-2.74E-06,0.781128769,-0.019037935,-0.4958344,-5.43E-09,-0.367325985,0.067408223,0.003316781,-0.884555116,-0.002425536,-2.97E-10,0.020266846,-0.114544391,-0.10894904,0.004829877,-2.76E-05,6.16E-05,0.000635694,2,0.033405913,-9.01E-05,0.000170767,0.002398614,0.357126391,0.05092272,-0.010482648,-0.05871398,0.091210148
1,0.406032987,0.542006936,-0.000565238,-3.32E-06,0.23555106,0.731906517,-3.97E-05,-0.003386599,0.579446384,0.326629401,-0.00100983,-0.02537153,-0.000338857,-0.060898321,0.216603074,-0.0529699,-0.045486887,0.231577115,0.258809825,0.478074917,0.402412869,0.057812256,-0.031098401,0.088288691,0.295522021,-0.001048835,0.314854837,-8.80E-05,-0.005853998,-0.004056083,-0.03836428,0.072831465,-7.70E-05,0.327271034,-0.003670979,-0.046940606,0.0401211,-0.000440569,-0.001675919,-3.63E-12,-0.00332914,0.937460314,0.728040499,-0.01124373,-0.010207704,-1.91E-07,0.978557681,-0.000926505,-0.002864975,0.613045011,-0.048342277,0.131922938,0.420127118,0.033405913,2,-0.000331979,0.286995718,0.585851599,0.024510414,0.046197183,-0.006254288,-0.000109868,0.545099377
-1,-0.019929153,-0.001223936,1.84E-12,9.06E-05,-1.04E-05,-1.11E-05,3.06E-16,3.72E-07,-0.007983373,-3.58E-05,0.003465614,4.19E-09,0.047869376,7.76E-05,-7.59E-06,1.44E-09,0.018316724,-1.69E-07,-1.94E-07,-0.000270593,-7.03E-07,-1.74E-08,0.279536554,-0.167867519,-0.021091149,0.933145096,-0.042084533,2.28E-14,3.87E-09,0.00127323,4.98E-05,-1.55E-05,7.97E-16,-3.28E-06,3.54E-06,1.22E-05,-0.001381565,0.081559062,0.000206423,2.11E-24,7.47E-08,-0.000175287,-0.000316763,0.000148247,0.612996746,0.044689302,-0.000190422,0.010224184,2.18E-09,-0.003242239,2.62E-09,-0.001152758,-5.73E-06,-9.01E-05,-0.000331979,2,-7.50E-06,-0.001297404,-0.013247378,-0.160703238,1.14E-10,0.002814206,-8.32E-06
1,0.025788356,0.486063272,-2.42E-05,-3.89E-10,0.00887241,0.440486589,-4.40E-05,-0.14995432,0.182873947,0.013324596,-9.94E-07,-0.001484655,-0.00036945,-0.418108593,0.975620927,-0.15862596,-0.052578104,0.532963672,0.07963065,0.021970937,0.167119175,0.004811622,-0.00460909,0.011874934,0.114855082,-3.92E-05,0.050551832,-6.18E-06,-7.79E-05,-6.42E-06,-0.345207395,0.00082115,-0.00015643,0.028320672,-7.11E-06,-0.50138974,0.000210976,-7.13E-07,-1.69E-06,-1.33E-14,-1.22E-05,0.182948702,0.631264545,-2.91E-05,-0.000346304,-5.55E-08,0.385203257,-1.05E-06,-2.55E-05,0.315533138,-0.290628352,0.322564799,0.911524383,0.000170767,0.286995718,-7.50E-06,2,0.470263452,0.000120328,0.000836193,-0.000447935,-5.06E-08,0.081491242
1,0.272895625,0.99689269,-7.89E-06,-1.64E-07,0.024432511,0.348957195,-1.16E-06,-0.038223383,0.816126538,0.043456677,-0.000122036,-0.001021564,-0.007945152,-0.359956421,0.445599038,-0.017481334,-0.306271256,0.133144722,0.041654215,0.098348126,0.094371873,0.003320689,-0.112209698,0.21306608,0.681369089,-0.004316364,0.475084539,-9.66E-07,-0.00012469,-0.000392219,-0.270379955,0.004950797,-3.54E-06,0.04157394,-0.000113543,-0.259088169,0.005125902,-0.00017509,-9.93E-05,-1.60E-15,-6.77E-05,0.379039743,0.913500525,-0.000741472,-0.021893089,-9.82E-06,0.62327886,-0.000158176,-4.88E-05,0.954987045,-0.028917995,0.617310561,0.441888403,0.002398614,0.585851599,-0.001297404,0.470263452,2,0.0054822,0.035600708,-0.000176602,-1.27E-05,0.107435961
1,0.268675674,0.004371716,-1.18E-05,-0.061233665,0.058802549,0.003051945,-2.13E-09,-5.98E-08,0.030698337,0.090900931,-0.595125725,-0.000889032,-3.03E-05,-2.56E-05,6.84E-05,-5.19E-06,-0.00090619,7.25E-05,0.001316981,0.167946702,0.00166081,0.001439052,-0.022509911,0.05017303,0.017482999,-0.01555157,0.073638953,-5.01E-07,-0.00222799,-0.694854127,-1.12E-05,0.140910849,-1.92E-09,0.018047278,-0.117232769,-7.29E-06,0.764160459,-0.342630067,-0.425212243,-2.81E-13,-0.017709386,0.034086629,0.004129119,-0.452987763,-0.089930011,-6.38E-07,0.013613666,-0.596299683,-0.001961059,0.013095777,-2.14E-06,0.000368825,0.000289798,0.357126391,0.024510414,-0.013247378,0.000120328,0.0054822,2,0.486809011,-9.72E-05,-0.301203649,0.015621083
1,0.523744465,0.031043073,-3.36E-07,-0.004357263,0.014546341,0.004869199,-1.73E-10,-4.08E-06,0.15074666,0.029628011,-0.131533115,-8.16E-05,-0.003436717,-0.000752527,0.000619987,-6.28E-06,-0.026761443,0.00015694,0.000615545,0.088573709,0.001194169,0.000199361,-0.28910941,0.413708479,0.148780063,-0.207317622,0.37003979,-1.14E-08,-9.16E-05,-0.125072816,-0.000404664,0.020113615,-2.66E-10,0.005925313,-0.006232912,-0.000205548,0.20386243,-0.285670052,-0.043521439,-1.57E-16,-0.000627263,0.041742719,0.019324815,-0.055918026,-0.587447907,-0.000153539,0.028777265,-0.193697328,-6.14E-05,0.074453688,-5.19E-06,0.007775587,0.001201562,0.05092272,0.046197183,-0.160703238,0.000836193,0.035600708,0.486809011,2,-6.17E-06,-0.060039078,0.008605941
-1,-0.000326015,-0.000137539,0.785942855,9.49E-08,-0.137870717,-0.0212672,0.088482544,4.45E-08,-0.000141001,-0.080266681,8.20E-06,0.854878348,6.42E-12,1.42E-06,-0.000184281,0.031826856,1.06E-07,-0.012845701,-0.238876139,-0.025185937,-0.119916609,-0.718988522,9.75E-08,-1.16E-06,-1.36E-05,4.92E-10,-2.97E-05,0.506378849,0.49709222,0.000124587,6.03E-07,-0.06279573,0.05745486,-0.205642174,0.010656939,2.23E-06,-0.001441253,6.34E-08,0.000211178,0.000217361,0.091344999,-0.016295335,-0.000766838,0.002444898,5.21E-08,4.74E-17,-0.006131189,2.32E-06,0.380601084,-0.000166847,0.00610438,-2.64E-06,-0.002197054,-0.010482648,-0.006254288,1.14E-10,-0.000447935,-0.000176602,-9.72E-05,-6.17E-06,2,4.84E-07,-0.111805856
-1,-0.007307695,-9.27E-06,7.52E-08,0.643986271,-0.001163711,-5.27E-06,4.62E-13,3.48E-12,-0.000189908,-0.001854976,0.841576176,6.65E-06,1.79E-07,9.27E-09,-2.39E-08,1.18E-09,2.72E-06,-2.93E-08,-2.89E-06,-0.003702456,-3.10E-06,-8.55E-06,0.000527809,-0.00107932,-0.000108465,0.001901219,-0.00102561,1.60E-09,6.71E-05,0.51003955,3.22E-09,-0.009075922,2.59E-13,-0.000151531,0.038938919,1.53E-09,-0.161463067,0.490801444,0.410680454,5.53E-15,0.002298019,-0.000198434,-7.54E-06,0.156457252,0.008906344,2.55E-08,-4.42E-05,0.8499503,8.38E-05,-4.85E-05,2.92E-10,-3.91E-07,-1.69E-07,-0.05871398,-0.000109868,0.002814206,-5.06E-08,-1.27E-05,-0.301203649,-0.060039078,4.84E-07,2,-8.68E-05
1,0.125119641,0.093062584,-0.021615696,-5.43E-06,0.680570983,0.629586709,-0.001387975,-0.000161221,0.106189255,0.702271105,-0.000923188,-0.273982504,-2.41E-06,-0.00404489,0.049266939,-0.110813384,-0.001604049,0.223259346,0.742366904,0.609460992,0.77388329,0.435940275,-0.001413683,0.00652377,0.030570867,-2.81E-05,0.044271624,-0.005206075,-0.096268492,-0.005575694,-0.002187456,0.26237162,-0.001786362,0.909072377,-0.022658636,-0.003819716,0.0530527,-0.000101066,-0.003816392,-5.88E-09,-0.041416694,0.739931644,0.201467326,-0.028604128,-0.000610461,-3.54E-10,0.521101849,-0.000566503,-0.0563836,0.112377148,-0.057015919,0.008993342,0.185078815,0.091210148,0.545099377,-8.32E-06,0.081491242,0.107435961,0.015621083,0.008605941,-0.111805856,-8.68E-05,2